Date,Close,Open,Correct,Predict,Profit
2022-04-18,1194.89,1213.21,UP,UP,-18.319999999999936
2022-04-19,1215.19,1190.92,DOWN,DOWN,24.269999999999982
2022-04-20,1226.58,1229.55,DOWN,DOWN,-2.9700000000000273
2022-04-21,1212.71,1227.57,DOWN,DOWN,-14.8599999999999
2022-04-22,1184.48,1199.84,DOWN,DOWN,-15.3599999999999
2022-04-25,1167.16,1168.14,DOWN,DOWN,-0.9800000000000182
2022-04-26,1159.73,1166.66,UP,UP,-6.930000000000064
2022-04-27,1164.7,1151.27,UP,UP,13.430000000000064
2022-04-28,1165.7,1144.8,DOWN,DOWN,20.90000000000009
2022-05-02,1115.93,1163.71,DOWN,DOWN,-47.77999999999997
2022-05-06,1082.08,1112.44,DOWN,DOWN,-30.360000000000127
2022-05-09,1066.16,1070.64,DOWN,DOWN,-4.480000000000018
2022-05-10,1025.84,1041.27,UP,UP,-15.430000000000064
2022-05-11,1039.78,1024.84,DOWN,DOWN,14.940000000000055
2022-05-12,1012.9,1036.79,UP,UP,-23.889999999999986
2022-05-13,1046.74,1014.39,DOWN,DOWN,32.35000000000002
2022-05-16,1059.18,1061.18,UP,UP,-2.0
2022-05-17,1060.18,1055.2,UP,UP,4.980000000000018
2022-05-18,1060.18,1058.19,UP,UP,1.990000000000009
2022-05-19,1047.24,1031.31,UP,UP,15.930000000000064
2022-05-20,1062.17,1050.22,UP,UP,11.950000000000045
2022-05-23,1082.08,1062.67,DOWN,DOWN,19.409999999999854
2022-05-24,1057.69,1080.09,DOWN,DOWN,-22.399999999999864
2022-05-25,1027.83,1054.7,UP,UP,-26.87000000000012
2022-05-26,1045.74,1030.32,DOWN,DOWN,15.420000000000073
2022-05-27,1065.66,1070.64,UP,UP,-4.980000000000018
2022-05-30,1083.58,1077.6,DOWN,DOWN,5.980000000000018
2022-05-31,1087.56,1092.04,UP,UP,-4.480000000000018
2022-06-01,1079.6,1077.6,DOWN,DOWN,2.0
2022-06-02,1063.16,1090.54,UP,UP,-27.37999999999988
2022-06-03,1098.01,1081.08,UP,UP,16.930000000000064
2022-06-06,1112.94,1101.49,DOWN,DOWN,11.450000000000045
2022-06-07,1093.53,1129.36,DOWN,DOWN,-35.82999999999993
2022-06-08,1091.54,1095.03,UP,UP,-3.490000000000009
2022-06-09,1104.97,1103.48,DOWN,DOWN,1.490000000000009
2022-06-10,1087.56,1099.01,DOWN,DOWN,-11.450000000000045
2022-06-13,1051.72,1070.14,DOWN,DOWN,-18.420000000000073
2022-06-14,1044.26,1045.25,DOWN,DOWN,-0.9900000000000091
2022-06-15,1013.89,1044.26,UP,UP,-30.370000000000005
2022-06-16,1039.78,1038.78,DOWN,DOWN,1.0
2022-06-17,1005.93,1014.88,DOWN,DOWN,-8.950000000000045
2022-06-20,1021.86,1024.84,UP,UP,-2.9799999999999045
2022-06-21,1052.71,1040.77,UP,UP,11.940000000000055
2022-06-22,1068.64,1068.14,DOWN,DOWN,0.5
2022-06-23,1026.84,1062.67,UP,UP,-35.830000000000155
2022-06-24,1087.56,1043.76,DOWN,DOWN,43.799999999999955
2022-06-27,1079.6,1095.03,UP,UP,-15.430000000000064
2022-06-28,1091.54,1070.14,UP,DOWN,-21.399999999999864
2022-06-29,1095.03,1079.6,DOWN,DOWN,15.430000000000064
2022-06-30,1065.66,1095.03,DOWN,DOWN,-29.36999999999989
2022-07-01,1056.2,1075.12,DOWN,DOWN,-18.919999999999845
2022-07-04,1078.6,1081.08,UP,UP,-2.480000000000018
2022-07-05,1090.04,1073.12,DOWN,DOWN,16.920000000000073
2022-07-06,1079.1,1093.03,DOWN,DOWN,-13.930000000000064
2022-07-07,1058.69,1080.59,UP,UP,-21.899999999999864
2022-07-08,1071.13,1069.64,UP,UP,1.490000000000009
2022-07-11,1090.54,1088.06,UP,UP,2.480000000000018
2022-07-12,1097.51,1095.03,UP,UP,2.480000000000018
2022-07-13,1130.36,1108.46,UP,UP,21.899999999999864
2022-07-14,1194.57,1169.18,UP,UP,25.389999999999873
2022-07-15,1202.54,1194.57,DOWN,DOWN,7.970000000000027
2022-07-19,1197.06,1209.5,UP,UP,-12.440000000000055
2022-07-20,1221.94,1216.47,UP,UP,5.470000000000027
2022-07-21,1254.8,1236.38,UP,UP,18.419999999999845
2022-07-22,1269.23,1255.3,UP,UP,13.930000000000064
2022-07-25,1292.62,1269.23,UP,UP,23.389999999999873
2022-07-26,1309.55,1293.62,UP,UP,15.930000000000064
2022-07-27,1318.01,1309.55,UP,UP,8.460000000000036
2022-07-28,1350.86,1323.48,DOWN,DOWN,27.37999999999988
2022-07-29,1322.49,1353.84,UP,UP,-31.34999999999991
2022-08-01,1337.92,1326.47,DOWN,DOWN,11.450000000000045
2022-08-02,1318.01,1341.4,UP,UP,-23.3900000000001
2022-08-03,1343.4,1326.97,UP,UP,16.430000000000064
2022-08-04,1379.23,1348.87,UP,UP,30.360000000000127
2022-08-05,1405.61,1393.66,DOWN,DOWN,11.949999999999818
2022-08-08,1376.24,1399.64,DOWN,DOWN,-23.40000000000009
2022-08-09,1382.72,1384.7,DOWN,DOWN,-1.9800000000000182
2022-08-10,1370.77,1373.26,UP,UP,-2.490000000000009
2022-08-12,1407.1,1404.62,DOWN,DOWN,2.480000000000018
2022-08-15,1402.12,1407.1,UP,UP,-4.980000000000018
2022-08-16,1417.56,1402.12,DOWN,DOWN,15.440000000000055
2022-08-17,1386.2,1417.56,UP,UP,-31.3599999999999
2022-08-18,1423.53,1386.2,UP,UP,37.32999999999993
2022-08-19,1435.48,1423.53,DOWN,DOWN,11.950000000000045
2022-08-22,1415.07,1428.5,UP,UP,-13.430000000000064
2022-08-23,1435.98,1410.59,UP,UP,25.3900000000001
2022-08-24,1445.93,1435.48,UP,UP,10.450000000000045
2022-08-25,1464.34,1460.36,DOWN,DOWN,3.980000000000018
2022-08-26,1481.76,1483.26,UP,UP,-1.5
2022-08-29,1493.22,1443.44,DOWN,DOWN,49.77999999999997
2022-08-30,1500.68,1503.16,UP,UP,-2.480000000000018
2022-08-31,1513.12,1490.22,DOWN,DOWN,22.899999999999864
2022-09-01,1500.68,1508.14,DOWN,DOWN,-7.460000000000036
2022-09-02,1450.4,1493.22,UP,UP,-42.819999999999936
2022-09-05,1451.4,1443.44,UP,UP,7.960000000000036
2022-09-06,1484.75,1476.29,DOWN,DOWN,8.460000000000036
2022-09-07,1467.83,1480.27,UP,UP,-12.440000000000055
2022-09-08,1500.68,1474.8,UP,UP,25.88000000000011
2022-09-09,1547.96,1495.7,DOWN,DOWN,52.25999999999999
2022-09-12,1535.52,1542.98,DOWN,DOWN,-7.460000000000036
2022-09-13,1488.74,1520.59,UP,UP,-31.84999999999991
2022-09-14,1505.66,1468.32,UP,UP,37.340000000000146
2022-09-15,1722.17,1492.72,UP,UP,229.45000000000005
2022-09-16,1961.08,1747.06,DOWN,DOWN,214.01999999999998
2022-09-20,1871.5,1903.84,DOWN,DOWN,-32.33999999999992
2022-09-21,1794.34,1826.7,UP,UP,-32.36000000000013
2022-09-22,1806.78,1781.9,UP,UP,24.87999999999988
2022-09-26,1809.28,1771.94,UP,UP,37.33999999999992
2022-09-27,1836.65,1816.74,DOWN,DOWN,19.910000000000082
2022-09-28,1752.04,1801.81,DOWN,DOWN,-49.76999999999998
2022-09-29,1677.38,1744.57,DOWN,DOWN,-67.18999999999983
2022-09-30,1625.12,1642.54,UP,UP,-17.420000000000073
2022-10-03,1615.16,1605.2,UP,UP,9.960000000000036
2022-10-04,1635.07,1615.16,EVEN,EVEN,19.909999999999854
2022-10-05,1657.46,1657.46,UP,UP,0.0
2022-10-06,1667.42,1642.54,DOWN,DOWN,24.88000000000011
2022-10-07,1625.12,1647.51,UP,UP,-22.3900000000001
2022-10-11,1652.49,1632.58,UP,UP,19.910000000000082
2022-10-12,1654.98,1642.54,DOWN,UP,-12.440000000000055
2022-10-13,1615.16,1640.04,UP,UP,-24.87999999999988
2022-10-14,1652.49,1645.02,UP,UP,7.470000000000027
2022-10-17,1622.62,1620.14,UP,UP,2.479999999999791
2022-10-18,1689.82,1642.54,DOWN,UP,-47.27999999999997
2022-10-19,1615.16,1669.91,DOWN,UP,54.75
2022-10-20,1550.45,1580.32,DOWN,UP,29.86999999999989
2022-10-21,1525.56,1542.98,DOWN,DOWN,-17.420000000000073
2022-10-24,1533.03,1547.96,UP,UP,-14.930000000000064
2022-10-25,1540.5,1538.01,UP,UP,2.490000000000009
2022-10-26,1582.8,1565.38,UP,UP,17.419999999999845
2022-10-27,1650.0,1575.34,UP,UP,74.66000000000008
2022-10-28,1737.5,1675.0,UP,UP,62.5
2022-10-31,1730.0,1695.0,UP,UP,35.0
2022-11-01,1782.5,1717.5,UP,UP,65.0
2022-11-02,1870.0,1807.5,EVEN,EVEN,62.5
2022-11-04,1875.0,1875.0,DOWN,UP,-0.0
2022-11-07,1875.0,1890.0,DOWN,UP,15.0
2022-11-08,1872.5,1880.0,UP,UP,-7.5
2022-11-09,1867.5,1850.0,UP,UP,17.5
2022-11-10,1880.0,1870.0,DOWN,DOWN,10.0
2022-11-11,1800.0,1892.5,UP,UP,-92.5
2022-11-14,1812.5,1800.0,UP,UP,12.5
2022-11-15,1782.5,1777.5,DOWN,DOWN,5.0
2022-11-16,1740.0,1780.0,UP,UP,-40.0
2022-11-17,1857.5,1725.0,UP,UP,132.5
2022-11-18,1870.0,1857.5,UP,UP,12.5
2022-11-21,1875.0,1835.0,UP,UP,40.0
2022-11-22,1885.0,1870.0,EVEN,EVEN,15.0
2022-11-24,1885.0,1885.0,UP,UP,0.0
2022-11-25,1990.0,1900.0,DOWN,DOWN,90.0
2022-11-28,1980.0,1987.5,UP,UP,-7.5
2022-11-29,2050.0,1950.0,DOWN,DOWN,100.0
2022-11-30,1975.0,2050.0,DOWN,DOWN,-75.0
2022-12-01,1927.5,2005.0,EVEN,EVEN,-77.5
2022-12-02,1922.5,1922.5,UP,UP,0.0
2022-12-05,1892.5,1887.5,DOWN,UP,-5.0
2022-12-06,1872.5,1907.5,UP,UP,-35.0
2022-12-07,1880.0,1840.0,UP,UP,40.0
2022-12-08,1917.5,1882.5,DOWN,DOWN,35.0
2022-12-09,1920.0,1935.0,DOWN,UP,15.0
2022-12-12,1885.0,1935.0,UP,UP,-50.0
2022-12-13,1902.5,1885.0,UP,UP,17.5
2022-12-14,1910.0,1870.0,DOWN,UP,-40.0
2022-12-15,1907.5,1917.5,UP,UP,-10.0
2022-12-16,2022.5,1857.5,UP,UP,165.0
2022-12-19,2030.0,1997.5,DOWN,DOWN,32.5
2022-12-20,1942.5,2050.0,UP,UP,-107.5
2022-12-21,2015.0,1937.5,UP,UP,77.5
2022-12-22,2012.5,2007.5,UP,UP,5.0
2022-12-23,2040.0,2017.5,UP,UP,22.5
2022-12-26,2065.0,2022.5,UP,UP,42.5
2022-12-27,2187.5,2087.5,DOWN,DOWN,100.0
2022-12-28,2130.0,2170.0,UP,UP,-40.0
2022-12-29,2132.5,2115.0,DOWN,UP,-17.5
2022-12-30,2077.5,2125.0,DOWN,DOWN,-47.5
2023-01-04,2065.0,2105.0,DOWN,DOWN,-40.0
2023-01-05,2047.5,2057.5,DOWN,DOWN,-10.0
2023-01-06,2022.5,2025.0,UP,UP,-2.5
2023-01-10,2115.0,2065.0,UP,UP,50.0
2023-01-11,2125.0,2117.5,EVEN,EVEN,7.5
2023-01-12,2130.0,2130.0,UP,UP,0.0
2023-01-13,2222.5,2142.5,DOWN,DOWN,80.0
2023-01-16,2135.0,2187.5,UP,UP,-52.5
2023-01-17,2172.5,2117.5,DOWN,UP,-55.0
2023-01-18,2142.5,2167.5,UP,UP,-25.0
2023-01-19,2147.5,2122.5,DOWN,DOWN,25.0
2023-01-20,2142.5,2150.0,UP,UP,-7.5
2023-01-23,2190.0,2177.5,DOWN,DOWN,12.5
2023-01-24,2130.0,2175.0,UP,UP,-45.0
2023-01-25,2132.5,2107.5,DOWN,DOWN,25.0
2023-01-26,2100.0,2142.5,UP,UP,-42.5
2023-01-27,2095.0,2087.5,UP,UP,7.5
2023-01-30,2112.5,2095.0,DOWN,DOWN,17.5
2023-01-31,2095.0,2112.5,UP,UP,-17.5
2023-02-01,2102.5,2095.0,UP,UP,7.5
2023-02-02,2105.0,2095.0,UP,UP,10.0
2023-02-03,2132.5,2095.0,DOWN,DOWN,37.5
2023-02-06,2132.5,2140.0,DOWN,DOWN,-7.5
2023-02-07,2107.5,2135.0,DOWN,DOWN,-27.5
2023-02-08,2060.0,2100.0,UP,UP,-40.0
2023-02-09,2065.0,2060.0,UP,UP,5.0
2023-02-10,2070.0,2055.0,DOWN,UP,-15.0
2023-02-13,2045.0,2047.5,UP,UP,-2.5
2023-02-14,2055.0,2050.0,EVEN,EVEN,5.0
2023-02-15,2050.0,2050.0,UP,UP,0.0
2023-02-16,2062.5,2060.0,UP,UP,2.5
2023-02-17,2087.5,2060.0,UP,UP,27.5
2023-02-20,2142.5,2105.0,UP,DOWN,-37.5
2023-02-21,2167.5,2150.0,DOWN,DOWN,17.5
2023-02-22,2117.5,2155.0,UP,UP,-37.5
2023-02-24,2125.0,2120.0,DOWN,UP,-5.0
2023-02-27,2077.5,2137.5,DOWN,DOWN,-60.0
2023-02-28,2052.5,2067.5,DOWN,UP,15.0
2023-03-01,2000.0,2040.0,DOWN,UP,40.0
2023-03-02,1980.0,2000.0,UP,UP,-20.0
2023-03-03,2157.5,1995.0,UP,UP,162.5
2023-03-06,2172.5,2150.0,DOWN,DOWN,22.5
2023-03-07,2175.0,2192.5,UP,UP,-17.5
2023-03-08,2222.5,2140.0,UP,UP,82.5
2023-03-09,2325.0,2262.5,DOWN,DOWN,62.5
2023-03-10,2222.5,2300.0,UP,UP,-77.5
2023-03-13,2305.0,2235.0,DOWN,DOWN,70.0
2023-03-14,2257.5,2287.5,UP,UP,-30.0
2023-03-15,2295.0,2277.5,DOWN,DOWN,17.5
2023-03-16,1945.0,2015.0,UP,UP,-70.0
2023-03-17,2040.0,1940.0,UP,UP,100.0
2023-03-20,2100.0,2040.0,UP,UP,60.0
2023-03-22,2110.0,2102.5,UP,UP,7.5
2023-03-23,2147.5,2080.0,UP,UP,67.5
2023-03-24,2307.5,2227.5,DOWN,DOWN,80.0
2023-03-27,2245.0,2297.5,UP,UP,-52.5
2023-03-28,2242.5,2217.5,UP,UP,25.0
2023-03-29,2300.0,2250.0,EVEN,EVEN,50.0
2023-03-30,2295.0,2295.0,DOWN,UP,-0.0
2023-03-31,2280.0,2297.5,UP,UP,-17.5
2023-04-03,2392.5,2335.0,DOWN,DOWN,57.5
2023-04-04,2375.0,2425.0,DOWN,DOWN,-50.0
2023-04-05,2317.5,2360.0,UP,UP,-42.5
2023-04-06,2340.0,2300.0,UP,UP,40.0
2023-04-07,2362.5,2352.5,UP,UP,10.0
2023-04-10,2415.0,2352.5,DOWN,DOWN,62.5
2023-04-11,2402.5,2435.0,DOWN,DOWN,-32.5
2023-04-12,2395.0,2397.5,UP,UP,-2.5
2023-04-13,2467.5,2395.0,DOWN,DOWN,72.5
2023-04-14,2402.5,2480.0,DOWN,DOWN,-77.5
2023-04-17,2355.0,2387.5,EVEN,EVEN,-32.5
2023-04-18,2355.0,2355.0,UP,UP,0.0
2023-04-19,2432.5,2365.0,DOWN,DOWN,67.5
2023-04-20,2360.0,2397.5,DOWN,UP,37.5
2023-04-21,2337.5,2350.0,DOWN,DOWN,-12.5
2023-04-24,2325.0,2337.5,UP,UP,-12.5
2023-04-25,2335.0,2327.5,DOWN,UP,-7.5
2023-04-26,2280.0,2315.0,UP,UP,-35.0
2023-04-27,2360.0,2270.0,UP,UP,90.0
2023-04-28,2370.0,2365.0,UP,UP,5.0
2023-05-01,2407.5,2390.0,UP,UP,17.5
2023-05-02,2480.0,2400.0,UP,UP,80.0
2023-05-08,2560.0,2495.0,DOWN,DOWN,65.0
2023-05-09,2555.0,2590.0,DOWN,UP,35.0
2023-05-10,2540.0,2550.0,EVEN,EVEN,-10.0
2023-05-11,2525.0,2525.0,UP,UP,0.0
2023-05-12,2540.0,2530.0,UP,UP,10.0
2023-05-15,2560.0,2530.0,UP,UP,30.0
2023-05-16,2660.0,2570.0,DOWN,DOWN,90.0
2023-05-17,2630.0,2660.0,UP,UP,-30.0
2023-05-18,2650.0,2615.0,DOWN,DOWN,35.0
2023-05-19,2520.0,2615.0,UP,UP,-95.0
2023-05-22,2585.0,2500.0,DOWN,DOWN,85.0
2023-05-23,2470.0,2540.0,DOWN,UP,70.0
2023-05-24,2392.5,2440.0,UP,UP,-47.5
2023-05-25,2435.0,2375.0,UP,UP,60.0
2023-05-26,2482.5,2420.0,UP,UP,62.5
2023-05-29,2505.0,2500.0,UP,UP,5.0
2023-05-30,2550.0,2477.5,UP,UP,72.5
2023-05-31,2625.0,2545.0,DOWN,DOWN,80.0
2023-06-01,2530.0,2595.0,UP,UP,-65.0
2023-06-02,2595.0,2530.0,DOWN,DOWN,65.0
2023-06-05,2580.0,2625.0,DOWN,DOWN,-45.0
2023-06-06,2585.0,2630.0,EVEN,EVEN,-45.0
2023-06-07,2580.0,2580.0,DOWN,DOWN,0.0
2023-06-08,2505.0,2565.0,EVEN,EVEN,-60.0
2023-06-09,2515.0,2515.0,UP,UP,0.0
2023-06-12,2600.0,2525.0,DOWN,DOWN,75.0
2023-06-13,2615.0,2625.0,DOWN,DOWN,-10.0
2023-06-14,2555.0,2645.0,DOWN,DOWN,-90.0
2023-06-15,2565.0,2605.0,UP,UP,-40.0
2023-06-16,2665.0,2545.0,DOWN,DOWN,120.0
2023-06-19,2510.0,2625.0,UP,UP,-115.0
2023-06-20,2570.0,2515.0,UP,UP,55.0
2023-06-21,2595.0,2590.0,DOWN,DOWN,5.0
2023-06-22,2590.0,2595.0,DOWN,UP,5.0
2023-06-23,2545.0,2610.0,DOWN,DOWN,-65.0
2023-06-26,2495.0,2535.0,DOWN,UP,40.0
2023-06-27,2442.5,2477.5,UP,UP,-35.0
2023-06-28,2500.0,2450.0,EVEN,EVEN,50.0
2023-06-29,2500.0,2500.0,DOWN,UP,-0.0
2023-06-30,2462.5,2492.5,UP,UP,-30.0
2023-07-03,2520.0,2475.0,UP,UP,45.0
2023-07-04,2520.0,2495.0,DOWN,UP,-25.0
2023-07-05,2420.0,2487.5,UP,UP,-67.5
2023-07-06,2392.5,2387.5,UP,UP,5.0
2023-07-07,2372.5,2367.5,DOWN,UP,-5.0
2023-07-10,2317.5,2370.0,DOWN,DOWN,-52.5
2023-07-11,2277.5,2317.5,UP,UP,-40.0
2023-07-12,2277.5,2270.0,UP,UP,7.5
2023-07-13,2410.0,2275.0,DOWN,DOWN,135.0
2023-07-14,2345.0,2417.5,UP,UP,-72.5
2023-07-18,2320.0,2315.0,UP,UP,5.0
2023-07-19,2370.0,2327.5,UP,DOWN,-42.5
2023-07-20,2405.0,2357.5,DOWN,DOWN,47.5
2023-07-21,2340.0,2400.0,UP,DOWN,60.0
2023-07-24,2335.0,2320.0,DOWN,DOWN,15.0
2023-07-25,2312.5,2345.0,DOWN,DOWN,-32.5
2023-07-26,2230.0,2292.5,UP,UP,-62.5
2023-07-27,2220.0,2195.0,UP,UP,25.0
2023-07-28,2253.0,2188.0,DOWN,DOWN,65.0
2023-07-31,2251.0,2302.0,UP,UP,-51.0
2023-08-01,2269.0,2256.0,DOWN,DOWN,13.0
2023-08-02,2206.0,2258.0,DOWN,UP,52.0
2023-08-03,2173.0,2190.0,UP,UP,-17.0
2023-08-04,2348.0,2300.0,UP,UP,48.0
2023-08-07,2387.0,2379.0,DOWN,DOWN,8.0
2023-08-08,2350.0,2399.0,DOWN,DOWN,-49.0
2023-08-09,2281.0,2335.0,UP,UP,-54.0
2023-08-10,2305.0,2270.0,UP,UP,35.0
2023-08-14,2312.0,2305.0,UP,UP,7.0
2023-08-15,2462.0,2344.0,UP,UP,118.0
2023-08-16,2449.0,2438.0,DOWN,DOWN,11.0
2023-08-17,2423.0,2436.0,DOWN,UP,13.0
2023-08-18,2393.0,2408.0,UP,UP,-15.0
2023-08-21,2400.0,2380.0,UP,UP,20.0
2023-08-22,2419.0,2416.0,UP,UP,3.0
2023-08-23,2454.0,2419.0,DOWN,DOWN,35.0
2023-08-24,2451.0,2475.0,UP,UP,-24.0
2023-08-25,2494.0,2440.0,DOWN,DOWN,54.0
2023-08-28,2531.0,2539.0,UP,UP,-8.0
2023-08-29,2575.0,2531.0,DOWN,DOWN,44.0
2023-08-30,2547.0,2576.0,UP,UP,-29.0
2023-08-31,2570.0,2547.0,UP,UP,23.0
2023-09-01,2651.0,2598.0,UP,UP,53.0
2023-09-04,2669.0,2631.0,UP,UP,38.0
2023-09-05,2694.0,2670.0,UP,DOWN,-24.0
2023-09-06,2762.0,2677.0,DOWN,DOWN,85.0
2023-09-07,2698.0,2740.0,DOWN,DOWN,-42.0
2023-09-08,2601.0,2706.0,UP,UP,-105.0
2023-09-11,2693.0,2622.0,UP,UP,71.0
2023-09-12,2742.0,2670.0,UP,UP,72.0
2023-09-13,2745.0,2736.0,UP,UP,9.0
2023-09-14,2722.0,2700.0,DOWN,UP,-22.0
2023-09-15,2572.0,2600.0,DOWN,DOWN,-28.0
2023-09-19,2393.0,2522.0,UP,UP,-129.0
2023-09-20,2505.0,2433.0,EVEN,EVEN,72.0
2023-09-21,2476.0,2476.0,DOWN,DOWN,0.0
2023-09-22,2393.0,2440.0,UP,UP,-47.0
2023-09-25,2413.0,2343.0,DOWN,DOWN,70.0
2023-09-26,2385.0,2393.0,UP,UP,-8.0
2023-09-27,2398.0,2352.0,DOWN,DOWN,46.0
2023-09-28,2383.0,2408.0,DOWN,DOWN,-25.0
2023-09-29,2304.0,2387.0,DOWN,DOWN,-83.0
2023-10-02,2255.0,2272.0,DOWN,DOWN,-17.0
2023-10-03,2242.0,2283.0,DOWN,DOWN,-41.0
2023-10-04,2160.0,2201.0,UP,UP,-41.0
2023-10-05,2170.0,2165.0,DOWN,DOWN,5.0
2023-10-06,2129.0,2181.0,DOWN,DOWN,-52.0
2023-10-10,2106.0,2134.0,DOWN,DOWN,-28.0
2023-10-11,2036.0,2087.0,UP,UP,-51.0
2023-10-12,2071.0,2036.0,DOWN,DOWN,35.0
2023-10-13,2012.0,2090.0,DOWN,DOWN,-78.0
2023-10-16,1952.0,1998.0,UP,UP,-46.0
2023-10-17,2084.0,2071.0,UP,UP,13.0
2023-10-18,2180.0,2150.0,DOWN,DOWN,30.0
2023-10-19,2125.0,2136.0,UP,UP,-11.0
2023-10-20,2106.0,2080.0,DOWN,DOWN,26.0
2023-10-23,2073.0,2101.0,UP,UP,-28.0
2023-10-24,2149.0,2078.0,DOWN,DOWN,71.0
2023-10-25,2131.0,2158.0,UP,UP,-27.0
2023-10-26,2128.0,2109.0,UP,UP,19.0
2023-10-27,2147.0,2112.0,DOWN,DOWN,35.0
2023-10-30,2067.0,2144.0,UP,UP,-77.0
2023-10-31,2153.0,2098.0,DOWN,DOWN,55.0
2023-11-01,2124.0,2165.0,DOWN,DOWN,-41.0
2023-11-02,2098.0,2150.0,UP,UP,-52.0
2023-11-06,2196.0,2135.0,DOWN,DOWN,61.0
2023-11-07,2141.0,2204.0,DOWN,DOWN,-63.0
2023-11-08,2181.0,2191.0,DOWN,DOWN,-10.0
2023-11-09,2172.0,2186.0,DOWN,DOWN,-14.0
2023-11-10,2165.0,2170.0,DOWN,DOWN,-5.0
2023-11-13,2143.0,2155.0,DOWN,DOWN,-12.0
2023-11-14,2088.0,2150.0,UP,UP,-62.0
2023-11-15,2135.0,2090.0,DOWN,DOWN,45.0
2023-11-16,2108.0,2128.0,UP,DOWN,20.0
2023-11-17,2130.0,2104.0,DOWN,DOWN,26.0
2023-11-20,2123.0,2133.0,DOWN,DOWN,-10.0
2023-11-21,2122.0,2125.0,DOWN,DOWN,-3.0
2023-11-22,2089.0,2118.0,DOWN,DOWN,-29.0
2023-11-24,2065.0,2100.0,DOWN,DOWN,-35.0
2023-11-27,2040.0,2060.0,UP,UP,-20.0
2023-11-28,2053.0,2035.0,DOWN,DOWN,18.0
2023-11-29,2036.0,2045.0,DOWN,DOWN,-9.0
2023-11-30,2032.0,2034.0,DOWN,DOWN,-2.0
2023-12-01,2020.0,2030.0,UP,UP,-10.0
2023-12-04,2060.0,2019.0,DOWN,DOWN,41.0
2023-12-05,2000.0,2025.0,UP,UP,-25.0
2023-12-06,2019.0,2010.0,DOWN,DOWN,9.0
2023-12-07,1997.0,1999.0,DOWN,DOWN,-2.0
2023-12-08,1967.0,1980.0,UP,UP,-13.0
2023-12-11,2013.0,1969.0,DOWN,DOWN,44.0
2023-12-12,2062.0,2089.0,DOWN,DOWN,-27.0
2023-12-13,2071.0,2080.0,DOWN,DOWN,-9.0
2023-12-14,2023.0,2073.0,DOWN,DOWN,-50.0
2023-12-15,2053.0,2054.0,UP,UP,-1.0
2023-12-18,2270.0,2035.0,DOWN,DOWN,235.0
2023-12-19,2276.0,2279.0,DOWN,DOWN,-3.0
2023-12-20,2289.0,2319.0,UP,UP,-30.0
2023-12-21,2422.0,2339.0,DOWN,DOWN,83.0
2023-12-22,2406.0,2419.0,UP,UP,-13.0
2023-12-25,2419.0,2406.0,UP,UP,13.0
2023-12-26,2527.0,2439.0,UP,UP,88.0
2023-12-27,2587.0,2527.0,EVEN,EVEN,60.0
2023-12-28,2589.0,2589.0,DOWN,DOWN,0.0
2023-12-29,2580.0,2593.0,DOWN,DOWN,-13.0
2024-01-04,2535.0,2600.0,DOWN,DOWN,-65.0
2024-01-05,2402.0,2512.0,UP,UP,-110.0
2024-01-09,2468.0,2434.0,UP,UP,34.0
2024-01-10,2539.0,2525.0,UP,UP,14.0
2024-01-11,2504.0,2445.0,UP,UP,59.0
2024-01-12,2519.0,2504.0,DOWN,DOWN,15.0
2024-01-15,2471.0,2473.0,UP,UP,-2.0
2024-01-16,2520.0,2500.0,DOWN,DOWN,20.0
2024-01-17,2474.0,2511.0,DOWN,UP,37.0
2024-01-18,2451.0,2485.0,UP,UP,-34.0
2024-01-19,2507.0,2460.0,UP,UP,47.0
2024-01-22,2644.0,2543.0,UP,UP,101.0
2024-01-23,2786.0,2680.0,DOWN,DOWN,106.0
2024-01-24,2715.0,2767.0,UP,UP,-52.0
2024-01-25,2707.0,2695.0,UP,UP,12.0
2024-01-26,2727.0,2689.0,UP,UP,38.0
2024-01-29,2824.0,2767.0,UP,UP,57.0
2024-01-30,2907.0,2874.0,UP,UP,33.0
2024-01-31,2961.0,2936.0,UP,UP,25.0
2024-02-01,2923.0,2921.0,DOWN,DOWN,2.0
2024-02-02,2895.0,2934.0,UP,UP,-39.0
2024-02-05,2848.0,2845.0,UP,UP,3.0
2024-02-06,2823.0,2814.0,DOWN,UP,-9.0
2024-02-07,2810.0,2833.0,UP,UP,-23.0
2024-02-08,2795.0,2792.0,UP,UP,3.0
2024-02-09,2804.0,2790.0,UP,UP,14.0
2024-02-13,2810.0,2805.0,UP,UP,5.0
2024-02-14,2846.0,2780.0,DOWN,DOWN,66.0
2024-02-15,2795.0,2830.0,DOWN,UP,35.0
2024-02-16,2808.0,2812.0,UP,UP,-4.0
2024-02-19,2949.0,2835.0,DOWN,DOWN,114.0
2024-02-20,2929.0,2946.0,DOWN,DOWN,-17.0
2024-02-21,2861.0,2904.0,UP,UP,-43.0
2024-02-22,2888.0,2886.0,UP,UP,2.0
2024-02-26,2953.0,2925.0,UP,UP,28.0
2024-02-27,2992.0,2948.0,UP,UP,44.0
2024-02-28,2995.0,2990.0,UP,UP,5.0
2024-02-29,3040.0,3030.0,DOWN,DOWN,10.0
2024-03-01,2930.0,3010.0,DOWN,DOWN,-80.0
2024-03-04,2877.0,2976.0,UP,UP,-99.0
2024-03-05,2900.0,2872.0,DOWN,DOWN,28.0
2024-03-06,2874.0,2908.0,DOWN,DOWN,-34.0
2024-03-07,2887.0,2889.0,UP,UP,-2.0
2024-03-08,2935.0,2846.0,UP,UP,89.0
2024-03-11,2952.0,2906.0,UP,UP,46.0
2024-03-12,3020.0,2902.0,DOWN,DOWN,118.0
2024-03-13,3045.0,3090.0,UP,UP,-45.0
2024-03-14,3075.0,3050.0,DOWN,DOWN,25.0
2024-03-15,3060.0,3090.0,DOWN,DOWN,-30.0
2024-03-18,3190.0,3330.0,UP,UP,-140.0
2024-03-19,3515.0,3255.0,DOWN,DOWN,260.0
2024-03-21,3415.0,3515.0,DOWN,DOWN,-100.0
2024-03-22,3550.0,3595.0,UP,UP,-45.0
2024-03-25,3575.0,3560.0,DOWN,DOWN,15.0
2024-03-26,3525.0,3560.0,UP,UP,-35.0
2024-03-27,3530.0,3515.0,DOWN,DOWN,15.0
2024-03-28,3510.0,3525.0,UP,UP,-15.0
2024-03-29,3575.0,3545.0,DOWN,DOWN,30.0
2024-04-01,3560.0,3580.0,DOWN,DOWN,-20.0
2024-04-02,3525.0,3595.0,DOWN,DOWN,-70.0
2024-04-03,3535.0,3595.0,DOWN,DOWN,-60.0
2024-04-04,3425.0,3490.0,UP,UP,-65.0
2024-04-05,3405.0,3375.0,UP,UP,30.0
2024-04-08,3515.0,3420.0,UP,UP,95.0
2024-04-09,3510.0,3465.0,DOWN,DOWN,45.0
2024-04-10,3465.0,3490.0,UP,UP,-25.0
2024-04-11,3450.0,3445.0,DOWN,UP,-5.0
2024-04-12,3395.0,3455.0,UP,UP,-60.0
2024-04-15,3390.0,3350.0,DOWN,DOWN,40.0
2024-04-16,3245.0,3400.0,DOWN,DOWN,-155.0
2024-04-17,3130.0,3260.0,UP,UP,-130.0
2024-04-18,3165.0,3135.0,DOWN,DOWN,30.0
2024-04-19,3025.0,3120.0,UP,UP,-95.0
2024-04-22,3055.0,3025.0,DOWN,DOWN,30.0
2024-04-23,3025.0,3100.0,DOWN,DOWN,-75.0
2024-04-24,3080.0,3085.0,UP,UP,-5.0
2024-04-25,2975.0,2970.0,DOWN,DOWN,5.0
2024-04-26,2914.0,2944.0,UP,UP,-30.0
2024-04-30,3000.0,2905.0,UP,UP,95.0
2024-05-01,3060.0,2988.0,UP,UP,72.0
2024-05-02,3015.0,3000.0,UP,UP,15.0
2024-05-07,3065.0,2950.0,DOWN,DOWN,115.0
2024-05-08,2735.0,2863.0,DOWN,DOWN,-128.0
2024-05-09,2645.0,2685.0,DOWN,DOWN,-40.0
2024-05-10,2603.0,2618.0,UP,UP,-15.0
2024-05-13,2744.0,2639.0,UP,UP,105.0
2024-05-14,2712.0,2701.0,DOWN,DOWN,11.0
2024-05-15,2673.0,2705.0,UP,UP,-32.0
2024-05-16,2713.0,2684.0,UP,UP,29.0
2024-05-17,2816.0,2714.0,UP,UP,102.0
2024-05-20,2860.0,2803.0,DOWN,DOWN,57.0
2024-05-21,2807.0,2868.0,DOWN,DOWN,-61.0
2024-05-22,2808.0,2813.0,UP,UP,-5.0
2024-05-23,2814.0,2813.0,UP,UP,1.0
2024-05-24,2843.0,2780.0,UP,UP,63.0
2024-05-27,2989.0,2851.0,DOWN,DOWN,138.0
2024-05-28,2975.0,2990.0,DOWN,DOWN,-15.0
2024-05-29,2898.0,2938.0,UP,UP,-40.0
2024-05-30,2897.0,2860.0,UP,UP,37.0
2024-05-31,2915.0,2908.0,DOWN,DOWN,7.0
2024-06-03,2893.0,2943.0,UP,UP,-50.0
2024-06-04,2965.0,2890.0,DOWN,DOWN,75.0
2024-06-05,2947.0,2960.0,UP,UP,-13.0
2024-06-06,3035.0,2980.0,DOWN,DOWN,55.0
2024-06-07,3010.0,3020.0,UP,UP,-10.0
2024-06-10,3060.0,3030.0,DOWN,DOWN,30.0
2024-06-11,3035.0,3100.0,DOWN,DOWN,-65.0
2024-06-12,2901.0,2994.0,DOWN,DOWN,-93.0
2024-06-13,2820.0,2909.0,UP,UP,-89.0
2024-06-14,2976.0,2870.0,DOWN,DOWN,106.0
2024-06-17,2626.0,2679.0,UP,UP,-53.0
2024-06-18,2719.0,2606.0,UP,UP,113.0
2024-06-19,2838.0,2740.0,DOWN,DOWN,98.0
2024-06-20,2768.0,2860.0,DOWN,DOWN,-92.0
2024-06-21,2661.0,2756.0,UP,UP,-95.0
2024-06-24,2679.0,2665.0,UP,UP,14.0
2024-06-25,2760.0,2671.0,DOWN,DOWN,89.0
2024-06-26,2724.0,2780.0,DOWN,DOWN,-56.0
2024-06-27,2659.0,2721.0,UP,UP,-62.0
2024-06-28,2711.0,2697.0,DOWN,DOWN,14.0
2024-07-01,2705.0,2713.0,UP,UP,-8.0
2024-07-02,2806.0,2755.0,DOWN,DOWN,51.0
2024-07-03,2667.0,2811.0,DOWN,DOWN,-144.0
2024-07-04,2563.0,2662.0,UP,UP,-99.0
2024-07-05,2602.0,2568.0,DOWN,DOWN,34.0
2024-07-08,2516.0,2611.0,UP,UP,-95.0
2024-07-09,2544.0,2511.0,DOWN,DOWN,33.0
2024-07-10,2535.0,2542.0,UP,UP,-7.0
2024-07-11,2548.0,2535.0,UP,UP,13.0
2024-07-12,2568.0,2522.0,DOWN,DOWN,46.0
2024-07-16,2517.0,2554.0,UP,UP,-37.0
2024-07-17,2571.0,2544.0,UP,UP,27.0
2024-07-18,2568.0,2530.0,DOWN,DOWN,38.0
2024-07-19,2509.0,2576.0,DOWN,DOWN,-67.0
2024-07-22,2608.0,2634.0,DOWN,DOWN,-26.0
2024-07-23,2555.0,2658.0,DOWN,DOWN,-103.0
2024-07-24,2538.0,2539.0,DOWN,DOWN,-1.0
2024-07-25,2404.0,2452.0,UP,UP,-48.0
2024-07-26,2434.0,2405.0,UP,UP,29.0
2024-07-29,2493.0,2476.0,UP,UP,17.0
2024-07-30,2538.0,2507.0,UP,UP,31.0
2024-07-31,2547.0,2488.0,DOWN,DOWN,59.0
2024-08-01,2457.0,2538.0,DOWN,DOWN,-81.0
2024-08-02,2282.0,2357.0,DOWN,DOWN,-75.0
2024-08-05,2111.0,2132.0,DOWN,DOWN,-21.0
2024-08-06,2340.0,2411.0,UP,UP,-71.0
2024-08-07,2383.0,2318.0,DOWN,DOWN,65.0
2024-08-08,2338.0,2339.0,UP,UP,-1.0
2024-08-09,2417.0,2388.0,DOWN,DOWN,29.0
2024-08-13,2448.0,2459.0,DOWN,DOWN,-11.0
2024-08-14,2437.0,2448.0,UP,UP,-11.0
2024-08-15,2456.0,2437.0,UP,UP,19.0
2024-08-16,2541.0,2495.0,DOWN,DOWN,46.0
2024-08-19,2503.0,2525.0,UP,UP,-22.0
2024-08-20,2588.0,2519.0,DOWN,DOWN,69.0
2024-08-21,2574.0,2580.0,DOWN,DOWN,-6.0
2024-08-22,2566.0,2571.0,UP,UP,-5.0
2024-08-23,2585.0,2570.0,UP,UP,15.0
2024-08-26,2635.0,2588.0,UP,UP,47.0
2024-08-27,2687.0,2648.0,DOWN,DOWN,39.0
2024-08-28,2674.0,2687.0,UP,UP,-13.0
2024-08-29,2725.0,2686.0,DOWN,DOWN,39.0
2024-08-30,2640.0,2726.0,DOWN,DOWN,-86.0
2024-09-02,2559.0,2638.0,DOWN,DOWN,-79.0
2024-09-03,2544.0,2559.0,UP,UP,-15.0
2024-09-04,2537.0,2502.0,UP,UP,35.0
2024-09-05,2583.0,2537.0,DOWN,DOWN,46.0
2024-09-06,2517.0,2596.0,UP,UP,-79.0
2024-09-09,2551.0,2467.0,UP,UP,84.0
2024-09-10,2588.0,2550.0,DOWN,DOWN,38.0
2024-09-11,2503.0,2580.0,UP,UP,-77.0
2024-09-12,2652.0,2578.0,DOWN,DOWN,74.0
2024-09-13,2644.0,2675.0,UP,UP,-31.0
2024-09-17,2599.0,2550.0,UP,UP,49.0
2024-09-18,2637.0,2631.0,UP,DOWN,-6.0
2024-09-19,2691.0,2664.0,DOWN,DOWN,27.0
2024-09-20,2675.0,2682.0,DOWN,DOWN,-7.0
2024-09-24,2610.0,2689.0,UP,UP,-79.0
2024-09-25,2670.0,2617.0,UP,UP,53.0
2024-09-26,2785.0,2688.0,UP,UP,97.0
2024-09-27,2832.0,2822.0,UP,UP,10.0
2024-09-30,2827.0,2808.0,UP,UP,19.0
2024-10-01,2929.0,2814.0,DOWN,DOWN,115.0
2024-10-02,2828.0,2913.0,DOWN,DOWN,-85.0
2024-10-03,2783.0,2885.0,UP,UP,-102.0
2024-10-04,2841.0,2748.0,UP,UP,93.0
2024-10-07,2934.0,2910.0,DOWN,DOWN,24.0
2024-10-08,2901.0,2911.0,UP,UP,-10.0
2024-10-09,3140.0,2977.0,DOWN,DOWN,163.0
2024-10-10,3125.0,3165.0,EVEN,EVEN,-40.0
2024-10-11,3155.0,3155.0,UP,UP,0.0
2024-10-15,3200.0,3160.0,UP,UP,40.0
2024-10-16,3335.0,3270.0,UP,UP,65.0
2024-10-17,3400.0,3360.0,DOWN,DOWN,40.0
2024-10-18,3285.0,3415.0,DOWN,DOWN,-130.0
2024-10-21,3285.0,3300.0,DOWN,DOWN,-15.0
2024-10-22,3245.0,3280.0,DOWN,DOWN,-35.0
2024-10-23,3190.0,3240.0,DOWN,DOWN,-50.0
2024-10-24,3155.0,3160.0,DOWN,UP,5.0
2024-10-25,3110.0,3165.0,UP,UP,-55.0
2024-10-28,3180.0,3150.0,UP,UP,30.0
2024-10-29,3220.0,3200.0,UP,UP,20.0
2024-10-30,3370.0,3350.0,DOWN,DOWN,20.0
2024-10-31,3245.0,3300.0,UP,UP,-55.0
2024-11-01,3320.0,3315.0,UP,UP,5.0
2024-11-05,3395.0,3300.0,UP,UP,95.0
2024-11-06,3400.0,3380.0,UP,UP,20.0
2024-11-07,3470.0,3425.0,UP,UP,45.0
2024-11-08,3600.0,3570.0,UP,UP,30.0
2024-11-11,3620.0,3565.0,UP,UP,55.0
2024-11-12,3635.0,3570.0,DOWN,DOWN,65.0
2024-11-13,3600.0,3670.0,DOWN,DOWN,-70.0
2024-11-14,3590.0,3595.0,UP,UP,-5.0
2024-11-15,3610.0,3590.0,DOWN,DOWN,20.0
2024-11-18,3415.0,3500.0,UP,UP,-85.0
2024-11-19,3490.0,3420.0,UP,UP,70.0
2024-11-20,3505.0,3480.0,UP,UP,25.0
2024-11-21,3550.0,3505.0,DOWN,DOWN,45.0
2024-11-22,3495.0,3550.0,UP,UP,-55.0
2024-11-25,3525.0,3510.0,DOWN,DOWN,15.0
2024-11-26,3435.0,3490.0,UP,UP,-55.0
2024-11-27,3430.0,3395.0,DOWN,DOWN,35.0
2024-11-28,3400.0,3415.0,UP,UP,-15.0
2024-11-29,3415.0,3400.0,DOWN,DOWN,15.0
2024-12-02,3310.0,3345.0,UP,UP,-35.0
2024-12-03,3415.0,3325.0,UP,UP,90.0
2024-12-04,3500.0,3425.0,DOWN,DOWN,75.0
2024-12-05,3450.0,3520.0,DOWN,DOWN,-70.0
2024-12-06,3385.0,3450.0,UP,UP,-65.0
2024-12-09,3405.0,3355.0,UP,UP,50.0
2024-12-10,3370.0,3365.0,DOWN,DOWN,5.0
2024-12-11,3385.0,3400.0,DOWN,DOWN,-15.0
2024-12-12,3345.0,3440.0,UP,UP,-95.0
2024-12-13,3460.0,3410.0,DOWN,DOWN,50.0
2024-12-16,3215.0,3350.0,UP,UP,-135.0
2024-12-17,3200.0,3190.0,DOWN,DOWN,10.0
2024-12-18,3290.0,3335.0,UP,UP,-45.0
2024-12-19,3155.0,3090.0,DOWN,DOWN,65.0
2024-12-20,3305.0,3350.0,UP,UP,-45.0
2024-12-23,3555.0,3350.0,DOWN,DOWN,205.0
2024-12-24,3515.0,3535.0,UP,UP,-20.0
2024-12-25,3570.0,3560.0,DOWN,DOWN,10.0
2024-12-26,3520.0,3555.0,UP,UP,-35.0
2024-12-27,3635.0,3590.0,UP,UP,45.0
2024-12-30,3635.0,3620.0,DOWN,DOWN,15.0
2025-01-06,3410.0,3605.0,DOWN,UP,195.0
2025-01-07,3300.0,3410.0,DOWN,UP,110.0
2025-01-08,3200.0,3275.0,UP,UP,-75.0
2025-01-09,3315.0,3250.0,DOWN,UP,-65.0
2025-01-10,3230.0,3305.0,DOWN,UP,75.0
2025-01-14,3140.0,3215.0,DOWN,UP,75.0
2025-01-15,3115.0,3125.0,UP,UP,-10.0
2025-01-16,3215.0,3130.0,UP,DOWN,-85.0
2025-01-17,3365.0,3230.0,DOWN,DOWN,135.0
2025-01-20,3360.0,3390.0,UP,UP,-30.0
2025-01-21,3360.0,3345.0,DOWN,DOWN,15.0
2025-01-22,3300.0,3330.0,DOWN,UP,30.0
2025-01-23,3260.0,3295.0,UP,UP,-35.0
2025-01-24,3270.0,3260.0,DOWN,UP,-10.0
2025-01-27,3225.0,3275.0,EVEN,UP,50.0
2025-01-28,3225.0,3225.0,UP,UP,0.0
2025-01-29,3255.0,3215.0,UP,DOWN,-40.0
2025-01-30,3290.0,3230.0,DOWN,DOWN,60.0
2025-01-31,3305.0,3330.0,UP,DOWN,25.0
2025-02-03,3290.0,3235.0,UP,DOWN,-55.0
2025-02-04,3345.0,3340.0,UP,DOWN,-5.0
2025-02-05,3410.0,3360.0,UP,UP,50.0
2025-02-06,3465.0,3430.0,UP,DOWN,-35.0
2025-02-07,3670.0,3480.0,UP,DOWN,-190.0
2025-02-10,3720.0,3680.0,DOWN,DOWN,40.0
2025-02-12,3710.0,3730.0,DOWN,UP,20.0
2025-02-13,3655.0,3705.0,UP,UP,-50.0
2025-02-14,3825.0,3695.0,UP,DOWN,-130.0
2025-02-17,4000.0,3870.0,DOWN,DOWN,130.0
2025-02-18,3890.0,4015.0,DOWN,UP,125.0
2025-02-19,3845.0,3890.0,DOWN,UP,45.0
2025-02-20,3750.0,3835.0,UP,UP,-85.0
2025-02-21,3750.0,3715.0,DOWN,DOWN,35.0
2025-02-25,3570.0,3685.0,DOWN,UP,115.0
2025-02-26,3505.0,3570.0,UP,UP,-65.0
2025-02-27,3635.0,3510.0,DOWN,DOWN,125.0
2025-02-28,3600.0,3620.0,DOWN,UP,20.0
2025-03-03,3630.0,3740.0,UP,UP,-110.0
2025-03-04,3650.0,3630.0,DOWN,DOWN,20.0
2025-03-05,3675.0,3690.0,UP,DOWN,15.0
2025-03-06,3720.0,3670.0,DOWN,DOWN,50.0
2025-03-07,3640.0,3700.0,DOWN,UP,60.0
2025-03-10,3635.0,3685.0,UP,DOWN,50.0
2025-03-11,3640.0,3605.0,UP,DOWN,-35.0
2025-03-12,3685.0,3670.0,DOWN,DOWN,15.0
2025-03-13,3620.0,3625.0,UP,DOWN,5.0
2025-03-14,3715.0,3560.0,UP,DOWN,-155.0
2025-03-17,3695.0,3660.0,DOWN,DOWN,35.0
2025-03-18,2995.0,3275.0,DOWN,DOWN,-280.0
2025-03-19,2875.0,2952.0,DOWN,DOWN,-77.0
2025-03-21,2852.0,2876.0,UP,DOWN,24.0
2025-03-24,2882.0,2864.0,DOWN,DOWN,18.0
2025-03-25,2873.0,2889.0,UP,DOWN,16.0
2025-03-26,2980.0,2882.0,UP,DOWN,-98.0
2025-03-27,3060.0,3035.0,DOWN,DOWN,25.0
2025-03-28,3005.0,3060.0,DOWN,DOWN,-55.0
2025-03-31,2911.0,2999.0,DOWN,DOWN,-88.0
2025-04-01,2780.0,2923.0,DOWN,DOWN,-143.0
2025-04-02,2755.0,2825.0,UP,DOWN,70.0
2025-04-03,2824.0,2705.0,UP,DOWN,-119.0
2025-04-04,2894.0,2795.0,DOWN,DOWN,99.0
2025-04-07,2649.0,2700.0,UP,DOWN,51.0
2025-04-08,2884.0,2731.0,UP,UP,153.0
2025-04-09,2904.0,2850.0,UP,UP,54.0
2025-04-10,3005.0,3000.0,UP,UP,5.0
2025-04-11,3070.0,3015.0,UP,DOWN,-55.0
2025-04-14,3195.0,3120.0,UP,DOWN,-75.0
2025-04-15,3200.0,3195.0,DOWN,DOWN,5.0
2025-04-16,3190.0,3205.0,UP,DOWN,15.0
2025-04-17,3355.0,3225.0,UP,DOWN,-130.0
2025-04-18,3540.0,3380.0,UP,DOWN,-160.0
2025-04-21,3625.0,3530.0,DOWN,DOWN,95.0
2025-04-22,3585.0,3670.0,DOWN,DOWN,-85.0
2025-04-23,3610.0,3615.0,DOWN,UP,5.0
2025-04-24,3480.0,3620.0,UP,UP,-140.0
2025-04-25,3515.0,3500.0,UP,DOWN,-15.0
2025-04-28,3605.0,3540.0,DOWN,DOWN,65.0
2025-04-30,3600.0,3640.0,DOWN,DOWN,-40.0
2025-05-01,3430.0,3530.0,DOWN,UP,100.0
2025-05-02,3455.0,3460.0,UP,UP,-5.0
2025-05-07,3560.0,3515.0,DOWN,DOWN,45.0
2025-05-08,3520.0,3560.0,UP,UP,-40.0
2025-05-09,3535.0,3520.0,DOWN,UP,-15.0
2025-05-12,3435.0,3465.0,DOWN,UP,30.0
2025-05-13,3380.0,3405.0,UP,UP,-25.0
2025-05-14,3360.0,3350.0,DOWN,DOWN,10.0
2025-05-15,3375.0,3400.0,UP,UP,-25.0
2025-05-16,3430.0,3375.0,UP,DOWN,-55.0
2025-05-19,3410.0,3400.0,DOWN,DOWN,10.0
2025-05-20,3380.0,3415.0,DOWN,DOWN,-35.0
2025-05-21,3335.0,3370.0,DOWN,UP,35.0
2025-05-22,3330.0,3335.0,UP,UP,-5.0
2025-05-23,3510.0,3360.0,UP,DOWN,-150.0
2025-05-26,3575.0,3510.0,UP,DOWN,-65.0
2025-05-27,3605.0,3570.0,UP,DOWN,-35.0
2025-05-28,3640.0,3590.0,DOWN,UP,-50.0
2025-05-29,3570.0,3640.0,UP,UP,-70.0
2025-05-30,3595.0,3535.0,UP,DOWN,-60.0
2025-06-02,3595.0,3575.0,DOWN,DOWN,20.0
2025-06-03,3580.0,3615.0,DOWN,UP,35.0
2025-06-04,3565.0,3600.0,UP,UP,-35.0
2025-06-05,3560.0,3550.0,UP,DOWN,-10.0
2025-06-06,3765.0,3580.0,UP,DOWN,-185.0
2025-06-09,3955.0,3800.0,DOWN,DOWN,155.0
2025-06-10,3920.0,3955.0,UP,DOWN,35.0
2025-06-11,3990.0,3915.0,UP,DOWN,-75.0
2025-06-12,3955.0,3950.0,DOWN,DOWN,5.0
2025-06-13,3825.0,3960.0,DOWN,UP,135.0
2025-06-16,3625.0,3895.0,DOWN,UP,270.0
2025-06-17,3615.0,3645.0,UP,UP,-30.0
2025-06-18,3805.0,3625.0,UP,DOWN,-180.0
2025-06-19,3680.0,3665.0,UP,DOWN,-15.0
2025-06-20,3660.0,3645.0,DOWN,DOWN,15.0
2025-06-23,3610.0,3650.0,DOWN,DOWN,-40.0
2025-06-24,3635.0,3705.0,UP,DOWN,70.0
2025-06-25,3705.0,3630.0,DOWN,DOWN,75.0
2025-06-26,3605.0,3685.0,DOWN,DOWN,-80.0
2025-06-27,3590.0,3645.0,DOWN,DOWN,-55.0
2025-06-30,3525.0,3660.0,DOWN,DOWN,-135.0
2025-07-01,3455.0,3495.0,UP,DOWN,40.0
2025-07-02,3390.0,3385.0,DOWN,DOWN,5.0
2025-07-03,3375.0,3385.0,DOWN,DOWN,-10.0
2025-07-04,3325.0,3385.0,UP,UP,-60.0
2025-07-07,3355.0,3330.0,UP,DOWN,-25.0
2025-07-08,3370.0,3355.0,DOWN,UP,-15.0
2025-07-09,3375.0,3390.0,UP,UP,-15.0
2025-07-10,3425.0,3355.0,DOWN,DOWN,70.0
2025-07-11,3385.0,3460.0,DOWN,UP,75.0
2025-07-14,3360.0,3385.0,DOWN,UP,25.0
2025-07-15,3330.0,3385.0,UP,UP,-55.0
2025-07-16,3360.0,3325.0,UP,DOWN,-35.0
2025-07-17,3395.0,3360.0,DOWN,DOWN,35.0
2025-07-18,3240.0,3420.0,UP,UP,-180.0
2025-07-22,3395.0,3280.0,UP,DOWN,-115.0
2025-07-23,3440.0,3415.0,DOWN,DOWN,25.0
2025-07-24,3440.0,3470.0,DOWN,UP,30.0
2025-07-25,3360.0,3385.0,UP,DOWN,25.0
2025-07-28,3450.0,3395.0,EVEN,DOWN,-55.0
2025-07-29,3455.0,3455.0,DOWN,DOWN,0.0
2025-07-30,3430.0,3435.0,UP,UP,-5.0
2025-07-31,3510.0,3470.0,DOWN,DOWN,40.0
2025-08-01,3460.0,3500.0,DOWN,UP,40.0
2025-08-04,3400.0,3440.0,DOWN,UP,40.0
2025-08-05,3360.0,3440.0,DOWN,DOWN,-80.0
2025-08-06,3310.0,3340.0,UP,UP,-30.0
2025-08-07,3355.0,3320.0,UP,DOWN,-35.0
2025-08-08,3375.0,3370.0,UP,DOWN,-5.0
2025-08-12,3450.0,3405.0,DOWN,DOWN,45.0
2025-08-13,3390.0,3420.0,DOWN,UP,30.0
2025-08-14,3380.0,3390.0,DOWN,DOWN,-10.0
2025-08-15,3345.0,3360.0,DOWN,DOWN,-15.0
2025-08-18,3295.0,3345.0,DOWN,UP,50.0
2025-08-19,3300.0,3310.0,DOWN,UP,10.0
2025-08-20,3235.0,3290.0,DOWN,UP,55.0
2025-08-21,3135.0,3220.0,DOWN,UP,85.0
2025-08-22,3090.0,3145.0,DOWN,UP,55.0
2025-08-25,3075.0,3125.0,UP,UP,-50.0
2025-08-26,3105.0,3045.0,UP,UP,60.0
2025-08-27,3120.0,3110.0,DOWN,UP,-10.0
