Price,Close,High,Low,Open,Volume
Ticker,6702.T,6702.T,6702.T,6702.T,6702.T
Date,,,,,
2021-08-02,1809.328125,1836.0270380434781,1783.1059782608695,1808.3745923913043,11355000
2021-08-03,1800.269287109375,1815.0490402609614,1787.396598880574,1787.8733651112702,5145000
2021-08-04,1780.7220458984375,1796.9320993283027,1766.419057577968,1768.802888964713,6395000
2021-08-05,1758.31396484375,1789.7805379673096,1749.7321721736885,1769.756355070499,6421000
2021-08-06,1772.1405029296875,1781.6758298219647,1759.2678116251136,1760.2213443143412,4973000
2021-08-10,1803.1300048828125,1805.9906024579834,1770.709899030874,1771.1866652934025,4271000
2021-08-11,1829.8289794921875,1832.2128108880868,1807.4209643707354,1811.711860883354,4953000
2021-08-12,1849.376220703125,1861.772142780537,1833.16616875574,1848.8994544693785,5577000
2021-08-13,1847.9459228515625,1850.3297540213916,1817.909650111715,1836.9802994703484,3482000
2021-08-16,1828.3985595703125,1848.8995082173851,1814.5723383897287,1844.1318457413217,3592000
2021-08-17,1802.6534423828125,1826.9685245202163,1797.409012902196,1815.5261329261439,3839000
2021-08-18,1805.5140380859375,1809.8049349284972,1764.9889012395406,1788.8272170315388,5781000
2021-08-19,1776.43115234375,1802.653297641363,1776.43115234375,1793.5947383567332,3772000
2021-08-20,1787.396728515625,1808.3744441877209,1774.0472730879276,1776.907870679577,4517000
2021-08-23,1829.8289794921875,1833.6431097256261,1807.4209643707354,1811.711860883354,3040000
2021-08-24,1880.8428955078125,1886.5640906272279,1856.527816250297,1867.9702064891278,5232000
2021-08-25,1861.295654296875,1882.2733717121062,1858.4350564675253,1878.936007577865,2939000
2021-08-26,1868.9237060546875,1878.4590310855788,1858.4348485207072,1875.1216673247668,3332000
2021-08-27,1881.3197021484375,1903.7277168471137,1860.341986260315,1867.9702465832686,4042000
2021-08-30,1905.1580810546875,1905.6348473412377,1886.5641958792287,1887.9944947388794,4384000
2021-08-31,1935.6710205078125,1938.5316180750654,1893.7155895214362,1907.541811096492,6928000
2021-09-01,1953.3114013671875,1971.9052858322402,1947.5902061471713,1954.7417001721917,4839000
2021-09-02,1959.50927734375,1972.858732274559,1954.2648486209323,1955.21838111599,3316000
2021-09-03,1989.5457763671875,1994.790205684235,1957.125667861803,1960.4630319726516,4548000
2021-09-06,2048.6650390625,2054.8630017126775,2002.895468722728,2005.2793005112578,5444000
2021-09-07,2050.094970703125,2075.363583132722,2042.943476619277,2053.9091008811774,4994000
2021-09-08,2031.5010986328125,2051.5252821912677,2013.3839801751626,2023.3960719543902,5096000
2021-09-09,2023.3958740234375,2057.7230424800086,2018.151445509239,2031.0241336804531,4049000
2021-09-10,2094.910888671875,2094.910888671875,2043.896900258609,2052.0019264551092,8459000
2021-09-13,2104.923095703125,2104.923095703125,2075.363586771394,2096.341302787461,3725000
2021-09-14,2101.109130859375,2104.923261344257,2082.5152447455753,2101.109130859375,4499000
2021-09-15,2083.9453125,2106.8300928706244,2080.6079486959507,2093.0038713967056,4467000
2021-09-16,2057.24658203125,2071.5495710140863,2039.1294626529912,2063.92131022324,5303000
2021-09-17,2040.559814453125,2075.840521525445,2039.6062818295486,2068.2122605368354,10223000
2021-09-21,2005.279052734375,2018.151742801857,1983.3478029897767,1992.883128965689,7449000
2021-09-22,1953.7882080078125,1991.9295102627236,1953.3114417296263,1983.3477172553685,6394000
2021-09-24,2021.489013671875,2026.256676439969,1974.289152267744,1980.0103475894568,6592000
2021-09-27,2000.9879150390625,2030.547422004138,1994.789953901224,2021.4888634180666,4374000
2021-09-28,1971.9053955078125,1986.2083843533721,1952.357977418881,1969.0447977387007,5057000
2021-09-29,1950.8155517578125,1961.360500686233,1925.8911270179092,1927.8083904594403,5732000
2021-09-30,1946.9810791015625,1952.2535537126205,1915.8255473089475,1944.1051838591673,6180000
2021-10-01,1919.1807861328125,1958.4846883463217,1914.8669432069396,1916.3048908488972,5623000
2021-10-04,1902.404541015625,1940.270491819413,1896.6527510201129,1919.6599110021614,4627000
2021-10-05,1845.3658447265625,1864.0591610757406,1821.4000545353083,1864.0591610757406,6489000
2021-10-06,1841.0521240234375,1890.9009709118618,1830.0278598077282,1872.2076533287027,5172000
2021-10-07,1838.655517578125,1868.37309893627,1833.8623592945532,1841.0520967199109,4649000
2021-10-08,1880.8353271484375,1893.7768546288166,1854.9522721876792,1854.9522721876792,4798000
2021-10-11,1915.34619140625,1915.34619140625,1835.779758029514,1862.6214463975696,4187000
2021-10-12,1895.6942138671875,1923.4945335648606,1890.9010552986233,1917.7427432825834,2612000
2021-10-13,1914.8668212890625,1921.0979273408166,1884.1906068804267,1885.6285544308314,3616000
2021-10-14,1979.5743408203125,1992.515867987903,1926.849600507907,1927.328916328929,5458000
2021-10-15,2054.8271484375,2060.5789389159813,2003.061034131167,2003.061034131167,6250000
2021-10-18,2037.0921630859375,2057.2234268152574,2021.2747415843291,2054.826847799862,4326000
2021-10-19,2057.2236328125,2061.0581596210973,2020.795628130825,2023.1922073861983,3448000
2021-10-20,2057.2236328125,2098.444796004922,2051.9511584506786,2075.437635153338,3636000
2021-10-21,2029.902587890625,2053.389064114153,2029.902587890625,2040.926852240444,3215000
2021-10-22,2060.099365234375,2067.289102432727,2033.7369955070856,2036.1335745732026,3226000
2021-10-25,2051.47216796875,2070.165489125475,2038.051322010076,2039.9685857184581,4051000
2021-10-26,2092.213623046875,2106.1137822836126,2078.3134638101374,2079.751411317386,4235000
2021-10-27,2085.50341796875,2108.989896360032,2078.7929955712407,2092.2138403662593,6830000
2021-10-28,1915.825439453125,1935.9567050165554,1830.0279028851717,1842.0107990538802,19163000
2021-10-29,1881.3145751953125,1936.4358939589968,1880.8352593799762,1909.1148924848228,9089000
2021-11-01,1912.9495849609375,1917.2634276732022,1868.3732102675356,1915.3461642455288,7179000
2021-11-02,1989.16064453125,1992.9951710749247,1941.7083785532757,1946.9808525508283,9984000
2021-11-04,2003.540283203125,2006.4161783464788,1973.3433841979104,1980.0538061990692,7463000
2021-11-05,2003.540283203125,2031.3406029222112,1985.326280628551,2027.0267602071806,3433000
2021-11-08,1982.450439453125,1997.7885473018919,1968.55027921518,1995.391967950522,4332000
2021-11-09,1964.236328125,2014.5644917299599,1951.2948003408676,1992.9952787564057,4056000
2021-11-10,1963.757080078125,1983.4090303547184,1956.5673421720542,1958.9639214740778,4979000
2021-11-11,1946.9810791015625,1962.3191870610037,1942.1879203642372,1951.7742378388878,3216000
2021-11-12,2009.771484375,2013.6060114141128,1950.8156311486407,1957.526053467088,5870000
2021-11-15,2017.9197998046875,2017.9197998046875,1998.2678492602713,2009.771430066759,3782000
2021-11-16,2009.771484375,2024.6302766515623,2008.3335367353327,2012.1680637744455,3926000
2021-11-17,1969.9881591796875,2029.9026409065636,1965.6743164953525,2026.0681140760437,8197000
2021-11-18,1998.267578125,2010.2504731725235,1965.1947877938355,1987.2433146812784,5956000
2021-11-19,1975.2608642578125,2002.102555206232,1959.9227551444296,1976.2194960773988,5445000
2021-11-22,1957.52587890625,1963.7569847891543,1943.6257196290019,1950.3361413490527,3209000
2021-11-24,1881.7939453125,1943.1463714459692,1879.8766819958291,1932.6014232042792,7378000
2021-11-25,1883.711181640625,1909.5942360448473,1872.6869177277154,1906.2390252887444,4085000
2021-11-26,1858.3076171875,1872.2077773366973,1844.407457038303,1868.8525662662014,6058000
2021-11-29,1843.44873046875,1884.1905770859742,1815.6484116005265,1819.9622541835267,6951000
2021-11-30,1801.7481689453125,1867.4144363423616,1799.8309056636467,1852.5556459094526,20255000
2021-12-01,1814.21044921875,1817.0863442505367,1756.6925485830168,1804.1448166074968,9473000
2021-12-02,1817.08642578125,1834.8211126063375,1802.706949977125,1812.293267179875,6052000
2021-12-03,1844.886474609375,1844.886474609375,1799.3514745865402,1805.5825798528228,5184000
2021-12-06,1839.6141357421875,1859.2660845606943,1833.3830300192462,1847.2831889396534,4343000
2021-12-07,1874.125,1882.752685421995,1809.4173593350383,1844.4074168797954,8154000
2021-12-08,1880.3558349609375,1909.1147822200903,1870.290203420234,1907.6768348571327,5551000
2021-12-09,1889.9423828125,1902.8839106684316,1885.6285401938562,1895.6941729706919,3731000
2021-12-10,1880.8353271484375,1892.3389071309969,1869.3317471658784,1876.521484654978,5281000
2021-12-13,1916.7840576171875,1923.9737952676646,1899.5286872560425,1900.0080030994077,4837000
2021-12-14,1918.701416015625,1923.4945746866606,1898.5701495972746,1906.7185193380355,5159000
2021-12-15,1906.718505859375,1915.34619140625,1890.4217664930557,1894.2562934027778,5657000
2021-12-16,1942.1876220703125,1948.4187274718213,1924.4529374660178,1931.642674467759,5841000
2021-12-17,1856.86962890625,1915.8254792819519,1850.1592069122678,1886.1078961657445,9646000
2021-12-20,1833.8624267578125,1867.893851823104,1830.0278999898924,1850.1591655214731,3891000
2021-12-21,1855.4317626953125,1872.207818415885,1845.366129262969,1859.7456055948883,3611000
2021-12-22,1881.3145751953125,1894.7354180247312,1872.2075747039212,1881.3145751953125,3906000
2021-12-23,1905.280517578125,1905.280517578125,1886.5871992924529,1900.4873590433374,2905000
2021-12-24,1890.9010009765625,1905.2804762691599,1885.1492108595235,1898.0907386228612,1967000
2021-12-27,1873.16650390625,1898.5702461547228,1871.7285562318082,1890.901191891033,2351000
2021-12-28,1890.421630859375,1902.8838424218354,1875.0835243209622,1894.2561574939782,3434000
2021-12-29,1892.3389892578125,1893.7769368180388,1873.6456709748707,1878.9181453623669,2743000
2021-12-30,1891.3802490234375,1900.966565541549,1871.2489843354028,1877.4800900721755,3645000
2022-01-04,1924.453125,1930.204915161893,1900.4873326587797,1917.263387297634,4375000
2022-01-05,1880.8353271484375,1923.9737520830347,1880.356011315831,1913.4288037656888,5700000
2022-01-06,1816.127685546875,1854.9522678982335,1816.127685546875,1850.159109583251,5842000
2022-01-07,1798.39306640625,1851.597125673599,1780.179064134545,1845.8453354825342,7650000
2022-01-11,1763.88232421875,1799.8310128916864,1748.5442170516305,1798.393065344769,7077000
2022-01-12,1826.6727294921875,1827.1520453487847,1776.8238804060716,1776.8238804060716,7214000
2022-01-13,1787.8480224609375,1826.1932883582228,1780.1789692814802,1811.8138136467408,4545000
2022-01-14,1738.957763671875,1766.278764920303,1714.0333414803267,1756.6924486927844,9081000
2022-01-17,1786.8892822265625,1795.9962823237472,1747.1060712757028,1749.0233344540575,4440000
2022-01-18,1807.979248046875,1830.0277754620806,1791.2031945787835,1800.3101950328903,5448000
2022-01-19,1766.75830078125,1807.0208339515227,1762.9237738126526,1781.1377769134901,6462000
2022-01-20,1809.41748046875,1819.0037982460678,1756.2134168046357,1759.0893121378313,9732000
2022-01-21,1792.641357421875,1804.144938325117,1746.627033808907,1771.0721432282962,6643000
2022-01-24,1753.8165283203125,1782.575476584652,1735.1232119484916,1773.9477921053501,8040000
2022-01-25,1692.464111328125,1766.7580612731433,1682.8777952061873,1754.2958503146242,7272000
2022-01-26,1711.157470703125,1719.3058396112351,1683.3571532519259,1689.1089430694153,4320000
2022-01-27,1614.335693359375,1735.6025966907057,1599.4769028326111,1735.6025966907057,11033000
2022-01-28,1453.764892578125,1522.307055334034,1438.4267862271522,1438.9061020506201,21802000
2022-01-31,1439.86474609375,1484.920433887629,1430.278429541861,1481.565223094468,19350000
2022-02-01,1405.3541259765625,1461.9133984408306,1401.040283161491,1461.9133984408306,22062000
2022-02-02,1493.5482177734375,1510.803588710486,1410.6265741037312,1424.5267340252428,18321000
2022-02-03,1522.3072509765625,1534.7694639883352,1479.1688213204256,1485.8792437113802,9250000
2022-02-04,1556.8177490234375,1560.1729596894363,1506.968904842884,1509.8447996994544,9413000
2022-02-07,1544.8349609375,1554.421277790975,1534.2900123986774,1540.5211183534361,6570000
2022-02-08,1557.7763671875,1571.197209735577,1545.31415625,1557.7763671875,6222000
2022-02-09,1565.445556640625,1591.3286123842238,1554.4212921572403,1587.0147697602906,5666000
2022-02-10,1587.494140625,1596.121826171875,1558.2558729383682,1584.6182454427085,5189000
2022-02-14,1533.8106689453125,1552.5039864730836,1524.2243522644044,1549.1487756347656,7256000
2022-02-15,1537.1656494140625,1564.4866478601498,1522.786176547701,1537.6449651762746,5555000
2022-02-16,1592.2872314453125,1606.187390901036,1551.0660689214421,1598.9976532515238,8309000
2022-02-17,1574.552490234375,1609.0632297463615,1553.462593865939,1598.9975973886988,5509000
2022-02-18,1570.2386474609375,1576.46975320483,1541.4796978737409,1558.2557517996056,4338000
2022-02-21,1548.190185546875,1569.7593986582092,1520.8691822725184,1531.8934467516447,3950000
2022-02-22,1535.72802734375,1546.272976345486,1524.2244466145835,1525.183078342014,4213000
2022-02-24,1528.058837890625,1545.7935232739228,1512.7207316131783,1519.4311531095614,7973000
2022-02-25,1599.956298828125,1604.749457302745,1559.214451793856,1566.4041895057858,8492000
2022-02-28,1587.973388671875,1607.6253382449347,1565.445544039343,1579.3457034934586,8645000
2022-03-01,1628.2359619140625,1652.2017547005516,1585.5768507541122,1605.228800839033,6555000
2022-03-02,1583.1802978515625,1608.104722764757,1567.3628743489585,1586.0561930338542,6403000
2022-03-03,1572.1558837890625,1609.5425176108756,1558.2557250604398,1603.7907277921352,3666000
2022-03-04,1524.2244873046875,1566.8836003141582,1522.7865396751547,1558.2559145369619,5016000
2022-03-07,1475.3341064453125,1492.5894761113395,1442.2613145854273,1491.1515286391707,5198000
2022-03-08,1453.28564453125,1498.3413340384852,1436.5095899274922,1437.9475374649571,10081000
2022-03-09,1533.8106689453125,1565.4455139923095,1505.5310347366333,1518.9518780899048,13056000
2022-03-10,1582.7010498046875,1595.1632627952756,1553.4627808652308,1587.9735245314748,8018000
2022-03-11,1564.9661865234375,1586.5353988951233,1546.7521849651248,1555.8591857442811,6545000
2022-03-14,1598.0389404296875,1620.0874681020828,1563.0488856452341,1564.9661489210946,5670000
2022-03-15,1588.9320068359375,1604.2701136892556,1577.907742535115,1587.973375157605,6918000
2022-03-16,1674.7296142578125,1678.5641411364795,1632.5498185924755,1634.467082031809,9431000
2022-03-17,1691.50537109375,1706.8434759038944,1676.1672662836054,1700.6123708247733,6489000
2022-03-18,1677.6055908203125,1694.8609626116072,1668.4985890415737,1681.919433768136,11965000
2022-03-22,1707.322998046875,1729.850842209762,1688.6296805500115,1691.9848913827818,7362000
2022-03-23,1763.88232421875,1768.1961668595025,1734.6440574314283,1737.9992683742357,6489000
2022-03-24,1751.419921875,1772.030501141728,1739.4370269524834,1743.7508691245894,4995000
2022-03-25,1766.2789306640625,1784.972249061864,1754.7753501115692,1772.9893526530168,3646000
2022-03-28,1749.0233154296875,1769.633894372816,1745.668104904062,1764.8407364790653,3759000
2022-03-29,1764.361572265625,1787.8480479627224,1754.2959398240118,1776.8237838600032,6328000
2022-03-30,1813.063720703125,1820.2966876740152,1794.2580065788106,1811.1349295108876,6499000
2022-03-31,1775.9342041015625,1816.43881261216,1775.9342041015625,1787.5069493903047,6258000
2022-04-01,1775.4520263671875,1790.8823535925405,1759.05730369025,1760.0216991418345,3725000
2022-04-04,1814.028076171875,1817.4034606836249,1793.7757691013755,1803.4197248492326,4602000
2022-04-05,1813.5458984375,1837.173590281009,1808.2417227175285,1835.726996902835,4148000
2022-04-06,1815.9566650390625,1822.7074333105832,1797.6331511592207,1799.5619420939408,4220000
2022-04-07,1783.6495361328125,1805.3484355991486,1769.1836031552552,1792.3290959193469,5133000
2022-04-08,1795.704345703125,1797.150938892467,1769.1834705651895,1784.1316001883895,5319000
2022-04-11,1782.6851806640625,1794.7401250829432,1772.0768295754476,1790.4003450921462,4402000
2022-04-12,1779.7919921875,1798.5977054617651,1771.1124322147623,1773.5234210960784,6046000
2022-04-13,1839.1021728515625,1839.1021728515625,1775.4520714314244,1791.8467945244902,8083000
2022-04-14,1833.7979736328125,1850.1926965104133,1822.2252280721532,1837.1733577546715,7441000
2022-04-15,1831.3868408203125,1833.7978292890068,1804.3837699709345,1804.8659676646732,3239000
2022-04-18,1817.4033203125,1822.7074955641417,1788.4714553035453,1809.2059585599627,3103000
2022-04-19,1800.0440673828125,1820.7785690965711,1788.953519954523,1819.3319759537508,6344000
2022-04-20,1824.1541748046875,1839.1023057639648,1818.3678015301286,1829.4583503063666,7302000
2022-04-21,1832.833740234375,1848.7462667873176,1828.9761580397223,1839.5845090750174,6391000
2022-04-22,1832.833740234375,1844.4064868183332,1810.1704448407904,1832.3515424600434,6056000
2022-04-25,1803.9017333984375,1823.6718406075622,1800.5263492407819,1800.5263492407819,3539000
2022-04-26,1842.9599609375,1875.2672129999837,1837.1735874337717,1854.0505101529795,6697000
2022-04-27,1832.3514404296875,1841.5131976318357,1803.4195755807975,1804.3839710757607,10259000
2022-04-28,1801.97314453125,1826.565231866303,1786.0606174320978,1826.565231866303,8293000
2022-05-02,1892.6259765625,1993.4052960788217,1868.9982892117835,1939.881351263933,17910000
2022-05-06,1985.6903076171875,1988.5834940780187,1884.4287814880934,1892.6261431271153,17156000
2022-05-09,1936.50634765625,1993.4056875525243,1936.024149860519,1975.0821713147411,8673000
2022-05-10,1877.6781005859375,1912.8785374998495,1844.8886525017454,1909.9853509041855,8963000
2022-05-11,1846.817626953125,1853.5683963466875,1799.5622411981888,1820.7789450065275,8041000
2022-05-12,1772.07666015625,1834.2801674107143,1770.6300669642858,1803.4195126488096,8609000
2022-05-13,1848.74609375,1859.3544437923838,1788.4713776000913,1800.526320830073,9668000
2022-05-16,1845.85302734375,1877.678079539332,1832.8336878091939,1875.7492884971755,4424000
2022-05-17,1881.53564453125,1892.6261929229,1844.4064173070299,1848.2639993562996,5320000
2022-05-18,1963.991455078125,1972.1888169087972,1912.3962953203643,1912.3962953203643,9930000
2022-05-19,1900.341552734375,1950.0079267337762,1882.500233919056,1921.5582561904298,8212000
2022-05-20,1883.946533203125,1917.2181766100907,1878.160160436696,1909.9852106520548,4883000
2022-05-23,1903.716552734375,1919.1468794029413,1889.7328191909867,1900.341168775626,4648000
2022-05-24,1891.661865234375,1907.0921939846935,1886.357689726453,1888.2864808202428,2931000
2022-05-25,1860.8011474609375,1885.8754308680298,1849.7105990308773,1872.3738936488262,4841000
2022-05-26,1827.5294189453125,1866.1052378148706,1826.082825737704,1854.5324921540032,4730000
2022-05-27,1836.208984375,1859.354475774685,1825.6006341501443,1859.354475774685,4190000
2022-05-30,1880.5712890625,1890.6974421574519,1845.3708521133813,1846.335247646234,9986000
2022-05-31,1865.623046875,1889.7329337563,1863.694255924496,1879.606781266154,8088000
2022-06-01,1887.8040771484375,1901.3056133323855,1865.6229819890946,1868.5161683142262,3868000
2022-06-02,1803.9017333984375,1867.5518346570832,1792.3289877150473,1864.6586482362356,8498000
2022-06-03,1858.3902587890625,1862.247841059512,1831.3871828959157,1834.280369598753,6739000
2022-06-06,1830.4227294921875,1844.406464780721,1821.7431696579251,1823.6719607322057,4011000
2022-06-07,1832.3514404296875,1843.4419886217618,1829.4582539447983,1832.3514404296875,4686000
2022-06-08,1834.762451171875,1841.9954174708444,1813.5457500282319,1831.8692646522875,6143000
2022-06-09,1831.8692626953125,1841.9954155030518,1819.8143188765753,1832.351460448062,5681000
2022-06-10,1777.863037109375,1806.3127032849793,1773.041059791476,1799.0797373081307,7681000
2022-06-13,1698.300537109375,1727.714600926431,1686.7277906895497,1719.517238879055,9328000
2022-06-14,1669.850830078125,1693.478520136984,1656.3492929016343,1669.3686323218217,7622000
2022-06-15,1649.1163330078125,1672.2618254009046,1640.4367733604029,1649.1163330078125,6506000
2022-06-16,1643.81201171875,1691.0673878256544,1635.1324528419716,1687.6920038180183,5974000
2022-06-17,1567.6248779296875,1591.2525675693537,1557.0165274792253,1589.8059743261088,12054000
2022-06-20,1534.3533935546875,1592.6993271248061,1522.780646400284,1591.7349315286058,6922000
2022-06-21,1590.7703857421875,1603.3075273091158,1550.265774525957,1571.4824756392206,5165000
2022-06-22,1595.5924072265625,1631.275041900109,1584.0196608459528,1631.275041900109,6145000
2022-06-23,1593.6636962890625,1615.362596843679,1581.6087515364977,1590.2883117583444,4431000
2022-06-24,1642.84765625,1645.2586448855297,1611.0226062610068,1623.0775494386558,6217000
2022-06-27,1651.5272216796875,1663.5821649036268,1634.6503011661725,1658.2779898850936,5320000
2022-06-28,1652.4918212890625,1654.9028102317077,1635.1327009020165,1648.63423898083,5763000
2022-06-29,1676.1192626953125,1682.8700307268816,1634.6502590728162,1638.5078408051413,11693000
2022-06-30,1636.0970458984375,1669.3686922783352,1625.9708926523817,1662.6179234476313,9442000
2022-07-01,1628.8638916015625,1657.313556967013,1621.1487281126267,1656.8313592489546,5464000
2022-07-04,1656.83154296875,1666.4754983993014,1631.757258849316,1639.472423193757,3824000
2022-07-05,1692.031982421875,1697.8183556874956,1675.1550603971484,1680.941433662769,5502000
2022-07-06,1680.94140625,1707.9444810491966,1669.8508576717584,1692.9963503567842,5026000
2022-07-07,1736.8763427734375,1744.109309220301,1683.8345888297733,1687.692170934767,7191000
2022-07-08,1725.3037109375,1742.1806337666817,1714.6953594448714,1730.1256888886946,8331000
2022-07-11,1749.8956298828125,1770.6301330751412,1742.1804659042716,1760.9861781019652,4795000
2022-07-12,1716.6239013671875,1740.2515898972415,1707.944342315331,1732.054228570488,5008000
2022-07-13,1702.6402587890625,1714.2130048131173,1692.0319082670123,1705.5334452950763,3507000
2022-07-14,1706.4979248046875,1720.481660272146,1688.6566071393092,1697.8183648593683,3209000
2022-07-15,1724.3392333984375,1736.394177703516,1705.533520282515,1710.8376957767496,4770000
2022-07-19,1707.4622802734375,1726.7501908102738,1706.9800825100167,1717.1062355418558,4221000
2022-07-20,1794.7398681640625,1796.668658994975,1750.8598767608037,1758.0928423767255,8893000
2022-07-21,1832.833740234375,1833.3159380087066,1794.7401160621794,1799.0798960311638,7178000
2022-07-22,1863.6943359375,1872.373895587403,1831.387086129528,1831.8692838878558,7161000
2022-07-25,1830.4227294921875,1854.0504201521235,1824.1541585007758,1851.6394313092728,4123000
2022-07-26,1825.1185302734375,1839.5844631421833,1815.474575027607,1831.3871011832273,4789000
2022-07-27,1814.9921875,1827.5293280087672,1808.2414195337408,1811.6168035168703,4409000
2022-07-28,1826.5650634765625,1868.998465162396,1815.956713055104,1859.3545102337976,5948000
2022-07-29,1785.578369140625,1814.9924335526096,1765.8082602735535,1799.0799069035031,10331000
2022-08-01,1667.4398193359375,1673.226192335368,1611.0226825914885,1631.2749880894958,14442000
2022-08-02,1642.365478515625,1684.7988790174968,1637.543501185867,1675.1549243579805,8623000
2022-08-03,1684.7989501953125,1699.2648827957303,1652.009502967699,1652.9738984743935,7875000
2022-08-04,1678.5303955078125,1697.8183058267762,1676.119406717942,1696.3717125528538,5904000
2022-08-05,1708.4267578125,1708.4267578125,1671.2975282467187,1673.2263193929932,4657000
2022-08-08,1712.2843017578125,1714.6952906366605,1685.7634240904852,1693.960786278568,3830000
2022-08-09,1719.0350341796875,1735.4297582083298,1714.695254289753,1723.3748140696223,4003000
2022-08-10,1653.938232421875,1677.5659214564732,1647.1874641262755,1672.2617463670738,7386000
2022-08-12,1654.42041015625,1666.4753533955115,1648.6340374014046,1658.7601897223842,13214000
2022-08-15,1639.4722900390625,1645.2586628274357,1617.2911943502986,1639.4722900390625,12442000
2022-08-16,1637.0614013671875,1641.4011812235365,1625.4886550835902,1639.4723901762702,7238000
2022-08-17,1638.5079345703125,1642.3655165233915,1626.9351887110754,1634.6503526172335,7434000
2022-08-18,1632.7215576171875,1641.4011169902262,1622.1132072723622,1637.5435350466535,6923000
2022-08-19,1638.5079345703125,1639.4723300585822,1625.9707932228057,1633.2037593848288,5600000
2022-08-22,1639.4722900390625,1639.4722900390625,1628.3817421946806,1632.7215217859605,4310000
2022-08-23,1634.650390625,1637.0613794017331,1618.7378646985621,1632.239401848267,7492000
2022-08-24,1602.825439453125,1638.9902733758038,1602.825439453125,1634.6504933050824,6652000
2022-08-25,1648.634033203125,1650.0806263881527,1605.236237652297,1614.397994490805,6866000
2022-08-26,1621.1488037109375,1649.1162726625241,1620.1844082298483,1647.1874817003456,4528000
2022-08-29,1568.1070556640625,1579.6798014623212,1563.2850782481214,1571.000242113627,5824000
2022-08-30,1613.9158935546875,1617.291277855519,1578.7154572745883,1584.0196326044663,5102000
2022-08-31,1597.521240234375,1606.6829980262412,1590.770471335105,1591.2526691136243,6751000
2022-09-01,1557.9810791015625,1571.9648151875872,1555.5700901212135,1562.3208592661908,7741000
2022-09-02,1547.854736328125,1561.3562729689934,1538.2107815846475,1558.46308654595,6360000
2022-09-05,1568.1070556640625,1577.751010495945,1547.3725527755155,1547.8547505171096,5439000
2022-09-06,1556.0521240234375,1574.375638344135,1548.3369600989333,1566.1782766743493,4330000
2022-09-07,1548.3369140625,1549.7835072553332,1529.531202555668,1537.7285639817228,6674000
2022-09-08,1591.73486328125,1599.9322254974818,1572.9291499616593,1579.1977210681896,8485000
2022-09-09,1591.2525634765625,1600.4143206602155,1579.6798175603694,1584.0195972789418,7557000
2022-09-12,1606.682861328125,1617.2912115529805,1595.1101156282825,1617.2912115529805,4177000
2022-09-13,1604.7540283203125,1615.3623782671416,1602.8252374208892,1610.540401018583,2965000
2022-09-14,1568.1070556640625,1574.375626304786,1548.819146000298,1549.301343741892,5585000
2022-09-15,1571.482421875,1581.6085743326173,1566.6604445142298,1573.411212819308,3427000
2022-09-16,1533.3887939453125,1547.8547259636646,1533.3887939453125,1543.997144092104,6875000
2022-09-20,1546.408203125,1579.679848281104,1542.06842332203,1566.1783111163081,6971000
2022-09-21,1525.6734619140625,1543.032578421302,1517.4761013411994,1539.6571946560055,5628000
2022-09-22,1519.4052734375,1526.6382404643368,1498.188570158779,1506.8681305909831,5699000
2022-09-26,1477.9361572265625,1501.0816500640422,1477.453959459115,1483.2403326684848,8135000
2022-09-27,1491.919921875,1504.9392618525776,1480.8293730052117,1500.5994818600518,6231000
2022-09-28,1505.42138671875,1526.1558901232684,1480.829301285484,1484.2046855606382,8432000
2022-09-29,1537.9788818359375,1544.2960146839207,1516.1118835159953,1536.5210819479414,7351000
2022-09-30,1534.0914306640625,1558.3880957046715,1529.7180309567527,1529.7180309567527,9045000
2022-10-03,1542.838134765625,1553.0427334522637,1519.5133377675936,1534.0913358913633,6112000
2022-10-04,1599.2064208984375,1601.636087292996,1566.648891211353,1570.0504241637348,6680000
2022-10-05,1594.34716796875,1630.7921657126258,1594.34716796875,1613.2985667955654,6560000
2022-10-06,1596.77685546875,1604.0658551133122,1592.4034556820127,1597.2627887783874,6645000
2022-10-07,1577.825439453125,1583.1707058017496,1559.3599738851487,1566.648973451455,6466000
2022-10-11,1537.4930419921875,1554.5007083859064,1531.1759087602347,1551.5851084326973,5564000
2022-10-12,1549.1552734375,1564.7051381646017,1540.4084745285054,1540.4084745285054,4529000
2022-10-13,1535.5491943359375,1553.5287260417697,1534.091394467897,1548.1834598589548,4316000
2022-10-14,1588.515869140625,1597.7486013259024,1567.6207384055235,1569.0785382242516,6107000
2022-10-17,1547.6976318359375,1563.2474981526566,1541.866431967168,1556.444431639092,4815000
2022-10-18,1577.339599609375,1589.4879329397,1563.7334662794112,1582.198932941505,4763000
2022-10-19,1588.030029296875,1590.9456291058657,1572.4801636489253,1574.9098301564175,3832000
2022-10-20,1573.93798828125,1577.8254547543127,1561.7896555529292,1569.0786551899216,4042000
2022-10-21,1565.6771240234375,1577.339523457504,1560.3318576161569,1571.9942570502235,5458000
2022-10-24,1578.3114013671875,1596.7768672698824,1578.3114013671875,1586.0863343788485,3691000
2022-10-25,1595.8050537109375,1606.4955869574785,1589.973853758279,1597.2628536991022,5897000
2022-10-26,1642.45458984375,1646.3420563285872,1618.6438576241217,1623.0172574195637,7151000
2022-10-27,1625.4468994140625,1635.6514987825813,1618.1578998651205,1624.9609661107995,9347000
2022-10-28,1676.469970703125,1688.618303824162,1619.6157716966711,1642.4546379642209,20342000
2022-10-31,1664.321533203125,1692.9915975707117,1654.1169340214415,1675.49799897354,8589000
2022-11-01,1677.927734375,1683.7589341469375,1664.3216015738126,1664.3216015738126,6382000
2022-11-02,1707.083740234375,1738.1834724788953,1676.4699413061753,1681.3292744693815,10340000
2022-11-04,1674.526123046875,1686.6744553382773,1668.694923547002,1679.871389255092,8829000
2022-11-07,1703.68212890625,1706.5977286704933,1666.265265265126,1668.208998441288,6101000
2022-11-08,1709.0274658203125,1722.1476653020152,1701.7384661082554,1702.2243994223925,5943000
2022-11-09,1694.9351806640625,1706.5975786961546,1690.0758481506907,1701.7382461827829,4615000
2022-11-10,1672.0965576171875,1678.4136907903999,1660.4341579127956,1671.6106242961712,4637000
2022-11-11,1750.8177490234375,1755.6770822152873,1714.372750084565,1717.7742833188597,9272000
2022-11-14,1745.4725341796875,1760.536467520325,1742.5569341782737,1750.817800848946,5878000
2022-11-15,1733.81005859375,1744.0146581538588,1721.1757924717103,1741.5849915919282,5534000
2022-11-16,1762.9659423828125,1767.8252751898215,1723.1194133653398,1733.3240122600585,5164000
2022-11-17,1803.29833984375,1807.6717392128132,1784.3469425778094,1784.3469425778094,6455000
2022-11-18,1808.15771484375,1833.4262451237487,1802.8124488229812,1805.7280484706732,6205000
2022-11-21,1800.868896484375,1808.6438296586196,1789.6924300463986,1793.5798966335208,4519000
2022-11-22,1799.89697265625,1829.0529711334032,1799.89697265625,1810.1015721232536,5164000
2022-11-24,1844.6029052734375,1849.4622385328512,1826.1374388876657,1827.1093055395484,6095000
2022-11-25,1829.538818359375,1844.602750197128,1827.109151933931,1839.2574840611512,4425000
2022-11-28,1827.1092529296875,1836.8279191686752,1819.3343199384974,1829.5389194894344,3633000
2022-11-29,1823.7076416015625,1830.02477438622,1815.9327089435224,1822.24984172818,4815000
2022-11-30,1794.5517578125,1799.411091031597,1780.459691477119,1793.5798911686807,9669000
2022-12-01,1815.932861328125,1843.1451279147923,1812.5313280047917,1837.7998612638398,6362000
2022-12-02,1806.7000732421875,1813.9890729997542,1790.664273775541,1812.0453397310698,5997000
2022-12-05,1801.354736328125,1803.298469520818,1789.6923371719677,1800.3828697317786,3966000
2022-12-06,1801.354736328125,1822.2498681495733,1794.5516701537,1796.4954033463928,7483000
2022-12-07,1793.0938720703125,1800.3828715502732,1773.170606825087,1778.5158731103913,5118000
2022-12-08,1771.22705078125,1779.4879176847567,1763.4521172250086,1776.572317601166,5336000
2022-12-09,1797.46728515625,1804.7562846905414,1773.6565533442315,1775.6002865533758,6447000
2022-12-12,1797.46728515625,1804.2703513882552,1784.3470859945255,1789.2064190173865,4437000
2022-12-13,1789.6923828125,1816.418714893599,1783.3752497751493,1810.1015818562482,4782000
2022-12-14,1793.0938720703125,1804.2703379395855,1786.290805889016,1800.3828715502732,5029000
2022-12-15,1773.6566162109375,1792.1220823523117,1772.198816252408,1780.9456160035852,4568000
2022-12-16,1783.861083984375,1791.1500832379206,1754.705086970193,1757.620686671611,10198000
2022-12-19,1736.2396240234375,1783.861085863431,1735.753690739356,1766.8534209205761,6443000
2022-12-20,1696.8790283203125,1738.6692907588997,1687.6462959210896,1732.3521580646948,6273000
2022-12-21,1700.7664794921875,1711.4570116489954,1685.7025478166852,1692.019680454799,5805000
2022-12-22,1732.352294921875,1738.1834947925797,1697.8510290202053,1700.7666289555575,5729000
2022-12-23,1744.50048828125,1750.3316876849756,1717.2882243971972,1719.717890815416,6343000
2022-12-26,1734.2958984375,1751.303563454399,1727.0068991445432,1743.042697589048,2146000
2022-12-27,1718.2601318359375,1747.4161295480858,1718.2601318359375,1747.4161295480858,2627000
2022-12-28,1714.372802734375,1715.3446694025918,1699.3088693770153,1709.5134693932912,2190000
2022-12-29,1730.4085693359375,1734.7819692584378,1706.111903099825,1710.4853030223253,3081000
2022-12-30,1711.943115234375,1744.9865815517005,1709.999381921591,1728.4648483930378,3531000
2023-01-04,1700.7664794921875,1712.9148114885602,1678.4135486188616,1696.3930799734933,5147000
2023-01-05,1706.5977783203125,1728.9507104964898,1698.3369120812906,1700.7665786221794,8495000
2023-01-06,1690.0760498046875,1708.5415155587352,1665.293451029518,1683.2729834742488,6886000
2023-01-10,1715.3446044921875,1722.63360422799,1710.4852713349858,1715.3446044921875,7764000
2023-01-11,1797.9532470703125,1801.8407135504644,1708.5415180268158,1709.9993179568728,12323000
2023-01-12,1783.861083984375,1795.0375495064782,1765.8815524922961,1776.08615144726,9758000
2023-01-13,1776.086181640625,1809.1296454851017,1768.3112489713362,1794.065713438355,8448000
2023-01-16,1744.50048828125,1762.4800197760708,1735.2677558920177,1759.078486790564,4773000
2023-01-17,1762.480224609375,1772.1988914117426,1743.528824344758,1744.0147576848765,5592000
2023-01-18,1792.1220703125,1806.7000697998576,1765.395737919011,1770.7410043977088,5047000
2023-01-19,1795.03759765625,1799.4109973256886,1772.6846660124527,1778.5158655717041,5934000
2023-01-20,1779.48779296875,1799.896992123498,1770.2550600177924,1796.9813922442484,3823000
2023-01-23,1802.32666015625,1813.5031263691358,1799.4110602746275,1802.8125934698537,4727000
2023-01-24,1832.9403076171875,1837.7996403521217,1814.9607764979307,1816.9045095919046,5179000
2023-01-25,1831.96875,1833.426550066313,1819.8204161140584,1822.2500828912468,4475000
2023-01-26,1817.8763427734375,1842.6589392667402,1816.4185429797137,1831.9684074460997,4017000
2023-01-27,1813.0172119140625,1826.1374115178362,1801.3548122662637,1824.6796115618613,4457000
2023-01-30,1815.44677734375,1824.6795098837742,1799.8969120131824,1822.2498434258732,5685000
2023-01-31,1798.925048828125,1838.2856455204744,1796.4953823656342,1822.2498468680358,8566000
2023-02-01,1798.4390869140625,1823.221684437061,1786.7766880797103,1810.1014857484147,7382000
2023-02-02,1814.4749755859375,1831.4826413988749,1795.0376432282949,1807.1859759518215,9101000
2023-02-03,1795.03759765625,1814.4749295204217,1794.5516643596457,1807.1859300713572,5421000
2023-02-06,1791.1502685546875,1805.7282685700538,1786.7768685500776,1803.298601900826,5623000
2023-02-07,1739.1552734375,1795.0376027041423,1738.1834068415585,1778.515870573135,7443000
2023-02-08,1755.191162109375,1759.07862869212,1741.5850290697674,1745.4724956525124,5168000
2023-02-09,1766.3675537109375,1768.7972202222318,1732.3522225528177,1737.6974888776651,4616000
2023-02-10,1754.7052001953125,1773.6565994773998,1748.3880671012835,1764.909799808744,6162000
2023-02-13,1752.2755126953125,1762.4801121868827,1738.669380039886,1754.7051792409245,4616000
2023-02-14,1750.331787109375,1768.3113196254901,1742.070920818187,1765.395719758012,3965000
2023-02-15,1733.81005859375,1757.620790900671,1726.521058907958,1751.7895911520372,4447000
2023-02-16,1746.9302978515625,1747.416231175026,1727.4929649130193,1742.0709646169266,4344000
2023-02-17,1719.7178955078125,1733.3240274869645,1716.3163625130246,1719.2319622228429,7054000
2023-02-20,1701.738525390625,1716.3165253225836,1699.3088587352986,1716.3165253225836,6316000
2023-02-21,1697.3651123046875,1709.5134454875151,1694.935445668122,1702.7103789051316,5977000
2023-02-22,1678.41357421875,1688.1322399640815,1666.751175324352,1673.5542413460842,6311000
2023-02-24,1692.9915771484375,1693.9634437254458,1669.1808460117345,1673.554245608272,5230000
2023-02-27,1693.9635009765625,1693.9635009765625,1679.3855018287436,1686.1885680977257,5062000
2023-02-28,1702.7103271484375,1702.7103271484375,1690.0760610223363,1690.5619943348786,6225000
2023-03-01,1693.9635009765625,1693.9635009765625,1676.4699019991797,1684.2448348780165,5199000
2023-03-02,1739.6412353515625,1741.0990352694548,1696.8791044267196,1700.2806375684684,6336000
2023-03-03,1787.2628173828125,1812.0454176238466,1746.444416985815,1749.360017014172,11226000
2023-03-06,1781.9173583984375,1802.32655639482,1773.170559257131,1796.495356967282,5625000
2023-03-07,1778.0299072265625,1798.9250386861804,1770.740907880184,1774.1424409084939,4770000
2023-03-08,1798.925048828125,1804.7562483381028,1774.1424509107196,1774.1424509107196,6503000
2023-03-09,1801.354736328125,1810.1015356952428,1793.0938702591802,1797.9532032409124,4310000
2023-03-10,1785.3189697265625,1796.4954357863642,1782.4033698848752,1783.375236498771,5212000
2023-03-13,1769.283203125,1774.6284695996978,1745.4724706468003,1770.7410030726448,4451000
2023-03-14,1735.267822265625,1751.789554541467,1730.4084892433186,1750.331754634775,6252000
2023-03-15,1726.52099609375,1737.2115285773027,1719.2319966731459,1735.2677953984748,4782000
2023-03-16,1740.127197265625,1746.4443303470136,1699.3087988935745,1700.7665988354336,6348000
2023-03-17,1783.861083984375,1786.7766836857932,1747.4160877166473,1747.4160877166473,9023000
2023-03-20,1761.994140625,1783.8611390607762,1760.0504074307087,1783.8611390607762,3454000
2023-03-22,1763.4520263671875,1793.0939590231253,1759.078626467131,1793.0939590231253,5799000
2023-03-23,1722.6336669921875,1746.9303336634453,1717.2884003245106,1745.958466996595,5834000
2023-03-24,1709.513427734375,1715.344627601576,1694.4494947441062,1710.4852943789085,7104000
2023-03-27,1706.112060546875,1715.8307279381986,1700.2808601120807,1704.16832706861,4799000
2023-03-28,1708.055419921875,1715.34441886891,1696.8789548697546,1709.9991529744175,4732000
2023-03-29,1712.4290771484375,1712.4290771484375,1692.5058103598208,1708.055677121668,8726000
2023-03-30,1733.4674072265625,1733.9566726533833,1711.4504630196204,1727.1069566778904,5723000
2023-03-31,1745.209716796875,1765.7588640089493,1731.0210199123476,1751.570167124422,6707000
2023-04-03,1785.81884765625,1796.0934218482448,1762.334106645976,1768.2052918985444,6622000
2023-04-04,1788.2650146484375,1793.1576685872842,1768.2051334991665,1778.9689721646291,5245000
2023-04-05,1756.4627685546875,1786.7972230534035,1750.5915838130006,1785.8186922631223,4282000
2023-04-06,1679.158935546875,1719.7679657480378,1676.2233430022127,1717.3216386274858,7614000
2023-04-07,1675.2447509765625,1689.9227131638572,1666.9272390704289,1683.072997476453,3888000
2023-04-10,1672.79833984375,1684.0514436215815,1658.1203783944043,1678.6695244234882,3987000
2023-04-11,1709.004150390625,1711.9397429764663,1687.965736858762,1687.965736858762,4791000
2023-04-12,1714.385986328125,1716.8323133634105,1695.7939008599546,1703.6221473728685,3247000
2023-04-13,1721.7249755859375,1730.04248754529,1709.9826057609696,1719.2786485390693,4000000
2023-04-14,1741.784912109375,1745.6990355073735,1731.9996036143784,1740.3171158351256,4250000
2023-04-17,1756.9521484375,1757.930679291545,1746.1883090430067,1756.9521484375,3210000
2023-04-18,1772.1192626953125,1773.5870588819735,1756.9520354331494,1761.3554239931323,3879000
2023-04-19,1759.3985595703125,1760.8663559214558,1747.656188761167,1752.5488432649777,3911000
2023-04-20,1781.4154052734375,1784.8402632346883,1746.677560237894,1749.613152776109,5471000
2023-04-21,1772.1192626953125,1792.179143913012,1760.376893202025,1784.8401629797074,5079000
2023-04-24,1777.011962890625,1785.3294748314677,1772.6085742160612,1781.4153515651888,3137000
2023-04-25,1789.2437744140625,1792.1793671530518,1774.076545262617,1784.35111984908,4347000
2023-04-26,1783.37255859375,1793.6471330054012,1774.0765150784464,1793.6471330054012,3314000
2023-04-27,1781.4154052734375,1782.883201542545,1756.9521341216464,1777.990547312187,5556000
2023-04-28,1767.2266845703125,1775.5441966516235,1726.128389580305,1758.4199070724537,13014000
2023-05-01,1836.2130126953125,1838.6593396506753,1782.393819677331,1782.393819677331,7079000
2023-05-02,1800.4967041015625,1840.127202208146,1799.0289078753929,1821.5351166766623,5678000
2023-05-08,1761.8447265625,1788.754323885726,1754.9950108802243,1776.0334233329284,8079000
2023-05-09,1778.9691162109375,1797.561202683989,1768.2052766739075,1770.6516038414143,6306000
2023-05-10,1749.1239013671875,1780.9261541193182,1742.7634508167612,1773.0979072880243,5880000
2023-05-11,1744.7203369140625,1758.909032867654,1742.7632754032222,1750.591521446583,5406000
2023-05-12,1759.3985595703125,1760.8663559214558,1734.9352870512594,1738.8494106543078,6484000
2023-05-15,1783.37255859375,1788.2652130754886,1768.6945951485338,1778.969169560185,4923000
2023-05-16,1793.1578369140625,1807.8358001084478,1788.265182515934,1795.1148986733137,6390000
2023-05-17,1777.990478515625,1788.2650520018187,1770.651497454058,1780.9260709402517,5881000
2023-05-18,1803.432373046875,1807.8357619121548,1743.7419906508578,1745.69905236876,5920000
2023-05-19,1770.1622314453125,1808.3249329524253,1759.3983925586908,1804.4108097209266,5808000
2023-05-22,1799.518310546875,1800.9861068850046,1769.67311833824,1772.119445568456,6227000
2023-05-23,1816.6424560546875,1826.9170296009165,1801.9644938457889,1811.2605365780914,7376000
2023-05-24,1801.4752197265625,1810.2819970093105,1787.7757883978434,1810.2819970093105,4228000
2023-05-25,1771.630126953125,1804.4109108542184,1761.3555528945733,1772.1193923844846,8633000
2023-05-26,1764.7803955078125,1782.3939508829944,1760.377006664017,1776.5227657579337,6279000
2023-05-29,1762.333984375,1790.711377793587,1761.3554535674625,1790.711377793587,5321000
2023-05-30,1749.61328125,1761.3556522651008,1735.9138483990494,1751.5703430858503,5120000
2023-05-31,1733.956787109375,1751.570343637574,1729.0641325182087,1743.7420962917079,24202000
2023-06-01,1846.9769287109375,1898.3497969267385,1732.9780878130173,1738.360007340387,21294000
2023-06-02,1842.084228515625,1843.0627593143054,1799.0288733736927,1813.217569954557,9993000
2023-06-05,1887.0966796875,1887.0966796875,1849.4232432509073,1867.036797948535,6763000
2023-06-06,1896.3927001953125,1906.6672736483831,1864.5904490310465,1881.2254727169702,5461000
2023-06-07,1878.7791748046875,1932.1091045061748,1870.9509282430013,1897.3712603886922,8991000
2023-06-08,1841.594970703125,1870.4616293831155,1834.7452550841442,1861.6548521587117,6630000
2023-06-09,1857.2515869140625,1870.951019062006,1842.5736238984086,1842.5736238984086,7624000
2023-06-12,1867.5260009765625,1880.7361665585292,1858.2299585299932,1871.44012411196,3853000
2023-06-13,1899.817626953125,1924.7701633874824,1874.8650905187678,1881.714806402709,6956000
2023-06-14,1924.2808837890625,1935.5339883726244,1901.2854092052623,1924.7701492057392,8502000
2023-06-15,1867.5260009765625,1919.3881325205803,1862.1440816653908,1910.092090074011,9343000
2023-06-16,1855.78369140625,1863.1226725217507,1836.7023405059485,1857.25148762935,10162000
2023-06-19,1848.93408203125,1868.0154340289264,1840.6165696220064,1867.5261685930884,4695000
2023-06-20,1810.771240234375,1825.9384675911072,1798.5396052692686,1824.4706713952944,7641000
2023-06-21,1805.8785400390625,1812.2389900581652,1791.2005784565179,1800.0073554060446,5815000
2023-06-22,1829.8526611328125,1850.4018086642507,1810.77130985362,1817.1317602800177,7051000
2023-06-23,1815.1748046875,1844.0414660019374,1802.9431685373147,1834.7454225277966,5636000
2023-06-26,1789.2437744140625,1803.4324726525115,1778.9691998275994,1781.9047925665889,5672000
2023-06-27,1779.4583740234375,1782.393966611873,1758.4199604729815,1777.9905777292195,4845000
2023-06-28,1807.835693359375,1807.835693359375,1778.9690341149358,1782.8831574023172,5030000
2023-06-29,1834.256103515625,1852.358924489239,1824.4707948812393,1832.299041788748,6480000
2023-06-30,1819.5782470703125,1822.0245743721011,1798.0505668145736,1817.6211852288818,5832000
2023-07-03,1826.427734375,1844.0412887381128,1819.578018789345,1819.578018789345,5279000
2023-07-04,1795.60400390625,1808.814169602563,1789.2435537561732,1796.5825346985694,5216000
2023-07-05,1787.28662109375,1792.6685408397207,1772.6086581501932,1783.8617630735866,3801000
2023-07-06,1804.410888671875,1821.5351785589455,1787.2865987848047,1787.2865987848047,7668000
2023-07-07,1786.3079833984375,1818.5994999430272,1786.3079833984375,1790.7113720181544,6391000
2023-07-10,1762.333984375,1795.6040318312744,1757.9305957410813,1792.668439408662,5900000
2023-07-11,1771.630126953125,1789.7329479134303,1769.183799796327,1777.5013121294403,3624000
2023-07-12,1775.544189453125,1784.3509669152788,1765.2696157472787,1772.1193315511762,4775000
2023-07-13,1803.921630859375,1809.3035505608811,1787.7758717548568,1790.222198891905,4231000
2023-07-14,1811.749755859375,1822.0243291440217,1794.6254670516305,1817.1316751989518,4176000
2023-07-18,1803.921630859375,1816.1532665446164,1792.1792606015435,1801.4753037223268,3612000
2023-07-19,1800.986083984375,1819.0889052577847,1796.093429586156,1814.685516299388,3759000
2023-07-20,1771.1407470703125,1809.3034482502806,1770.6514816705692,1808.3249174507941,3856000
2023-07-21,1782.393798828125,1792.668371920464,1769.6728988090388,1771.1406949650873,5453000
2023-07-24,1798.0504150390625,1811.7498467726934,1790.7114337531887,1805.3893963249361,5338000
2023-07-25,1803.921630859375,1803.921630859375,1791.2007297467242,1800.007507440098,5149000
2023-07-26,1818.5994873046875,1826.9169990841278,1801.4751983470162,1807.3463831325034,5401000
2023-07-27,1843.0628662109375,1846.4877242049583,1799.5182431441008,1828.8741688071368,8338000
2023-07-28,1770.6514892578125,1774.0763470706902,1731.0209917087982,1759.8876504173395,16903000
2023-07-31,1799.029052734375,1828.3849796215284,1776.5228421208908,1790.7115401163483,9396000
2023-08-01,1775.0548095703125,1806.3677940831294,1774.5655441872998,1806.3677940831294,5126000
2023-08-02,1765.7589111328125,1773.5871578987103,1754.016540983966,1761.355522326995,5745000
2023-08-03,1775.0548095703125,1789.7327710606953,1757.9305211648657,1762.3339096119805,7751000
2023-08-04,1773.097900390625,1783.3724743167297,1761.3555301893625,1783.3724743167297,4529000
2023-08-07,1800.986083984375,1807.3465347020594,1763.3126451180894,1764.2911759977333,5289000
2023-08-08,1808.814208984375,1815.1746592729323,1787.7757964914542,1814.6853938661204,6071000
2023-08-09,1777.011962890625,1795.6040484054497,1777.011962890625,1795.6040484054497,5030000
2023-08-10,1769.673095703125,1773.5872192214067,1754.5058670697833,1767.2267685041988,6399000
2023-08-14,1764.2911376953125,1782.3939585757137,1761.8448105493123,1763.3126068369124,5088000
2023-08-15,1775.0548095703125,1781.904524932491,1767.715828825121,1776.033340336338,3740000
2023-08-16,1734.4459228515625,1761.8447865129694,1734.4459228515625,1761.3555210904442,6433000
2023-08-17,1735.9136962890625,1742.2741466982388,1713.8967525649905,1731.9995729603386,5366000
2023-08-18,1717.81103515625,1725.6392825394742,1708.5149913886714,1717.3217696947986,3897000
2023-08-21,1725.6390380859375,1736.8921421052107,1718.7893225959451,1733.9565497523568,5216000
2023-08-22,1765.7589111328125,1769.6730345157614,1732.4888623777472,1742.2741708351193,5008000
2023-08-23,1757.9306640625,1759.3984603308518,1745.699028492903,1758.419929485284,2573000
2023-08-24,1760.3768310546875,1767.7158117289011,1750.1022581107886,1760.3768310546875,3710000
2023-08-25,1755.484375,1765.2696836677815,1728.0855107302118,1730.5318378971572,3785000
2023-08-28,1784.3509521484375,1787.2865446115277,1765.26960113835,1777.9905018117415,3252000
2023-08-29,1763.3125,1776.0334003884573,1760.8661730022197,1774.076338790233,4244000
2023-08-30,1768.2052001953125,1778.9690392667837,1763.8018114842562,1770.1622618446709,4162000
2023-08-31,1781.4154052734375,1791.6899791571898,1773.0978930818285,1776.0334856200434,6459000
2023-09-01,1797.0718994140625,1806.8572078780649,1781.4154058716583,1785.8187946804594,5965000
2023-09-04,1811.260498046875,1812.2390288399852,1794.1362091674475,1800.4966593226634,4403000
2023-09-05,1824.9600830078125,1833.2775954504755,1810.2821198737013,1820.0674286297753,5603000
2023-09-06,1843.552001953125,1851.3802482459196,1828.8740401541352,1832.7881633005325,5552000
2023-09-07,1840.1273193359375,1852.848220772453,1833.277603177814,1845.9985046143292,5148000
2023-09-08,1811.260498046875,1842.0842180298444,1806.3678440813242,1823.0028675641965,5961000
2023-09-11,1793.6470947265625,1819.0888974886414,1788.2651749115073,1817.6211011754444,3155000
2023-09-12,1811.749755859375,1814.19608283191,1792.6684054736024,1795.1147324461374,3323000
2023-09-13,1799.029052734375,1809.3036271448786,1785.3296201870369,1791.6900710125867,4490000
2023-09-14,1816.1531982421875,1824.470710195344,1801.4752359719112,1805.8786246529942,4603000
2023-09-15,1831.320556640625,1837.681007411752,1808.3250807757815,1811.2606734393785,7397000
2023-09-19,1826.427734375,1847.9554119299155,1815.663895597542,1825.9384689760245,6118000
2023-09-20,1792.66845703125,1824.470708588846,1788.754333762623,1819.0887890944837,5164000
2023-09-21,1785.3294677734375,1797.0718375258525,1774.5656288337236,1785.818733179788,5582000
2023-09-22,1777.990478515625,1797.5610946798035,1761.8447201801778,1767.7159050294313,6391000
2023-09-25,1800.0074462890625,1806.8571620400944,1788.7543418409384,1795.1147921811823,3521000
2023-09-26,1779.9476318359375,1795.1148601446,1769.673057820392,1795.1148601446,5822000
2023-09-27,1790.71142578125,1796.5826107838113,1766.2481549372437,1767.226685771004,7462000
2023-09-28,1771.986328125,1795.6390933502503,1759.6671795701823,1785.2910085642034,5748000
2023-09-29,1734.5360107421875,1764.1019654707475,1729.608351620761,1761.1453699978915,8364000
2023-10-02,1730.5938720703125,1767.0585493291971,1730.1011061614088,1741.927487975101,4554000
2023-10-03,1716.7965087890625,1730.1011889662452,1700.5352330169503,1724.6807637088746,5735000
2023-10-04,1694.129150390625,1708.9121272701243,1690.1870232227584,1699.5495752464415,5263000
2023-10-05,1723.202392578125,1727.1445198702684,1699.0568629137476,1714.8253720823207,4219000
2023-10-06,1723.6951904296875,1734.5360406839623,1716.7964675406035,1716.7964675406035,3444000
2023-10-10,1747.3480224609375,1753.261213738301,1732.072278327748,1741.9275971233542,5051000
2023-10-11,1719.26025390625,1744.8840811355778,1712.3615311906617,1732.0721675209138,5038000
2023-10-12,1713.8399658203125,1723.2025188250811,1708.4195403964989,1717.2893274536484,6889000
2023-10-13,1696.593017578125,1708.4193993445715,1682.3028062770022,1707.433867530701,6885000
2023-10-16,1680.8245849609375,1699.5496902756593,1668.9982026569028,1696.5930946996505,5589000
2023-10-17,1701.0279541015625,1709.8977406524978,1687.7232742751598,1700.0424222625697,5510000
2023-10-18,1704.97021484375,1727.1446829558797,1696.5931935569454,1703.491916969608,5976000
2023-10-19,1691.1727294921875,1695.6076230135832,1675.896985140714,1679.8391127152877,4236000
2023-10-20,1677.3751220703125,1687.7232059608757,1660.1283155860408,1665.055974581547,4318000
2023-10-23,1668.50537109375,1681.8100506624241,1668.012605183799,1674.4185620131607,4162000
2023-10-24,1668.9981689453125,1676.3896577360358,1633.0262568304593,1676.3896577360358,5880000
2023-10-25,1679.8389892578125,1689.2015415593373,1668.0126074032546,1670.9692028668942,3997000
2023-10-26,1651.7513427734375,1669.9836815809008,1642.8815563265634,1650.2730450322917,5569000
2023-10-27,1849.84326171875,1862.6551756251665,1822.2483702280067,1848.8577298797948,25472000
2023-10-30,1875.4671630859375,1893.6995028216652,1829.147164838413,1842.9446111249097,28733000
2023-10-31,1913.4100341796875,1927.7002456118819,1888.2789726954836,1901.583652304768,13341000
2023-11-01,1934.106201171875,1955.2951353503183,1929.6713079717356,1942.483221661027,11330000
2023-11-02,1912.9173583984375,1947.4109738255088,1912.424592463765,1942.4833144787845,9735000
2023-11-06,1948.8892822265625,1983.3828978411918,1948.3965162892107,1970.078217532692,12423000
2023-11-07,1905.52587890625,1936.0773670087033,1900.10545359775,1929.6714098259308,6676000
2023-11-08,1923.7581787109375,1939.0339224455788,1895.6705208762748,1912.9173283186117,7066000
2023-11-09,1935.5845947265625,1941.0050200172939,1907.9897023373856,1941.0050200172939,5126000
2023-11-10,1940.51220703125,1941.4977388783964,1915.381144929017,1935.584547795518,4878000
2023-11-13,1917.3521728515625,1950.8602550293847,1911.4389818790055,1948.8891913718658,4702000
2023-11-14,1921.2943115234375,1935.5845231249198,1911.9317590948801,1935.5845231249198,3687000
2023-11-15,1952.8314208984375,1956.280782479636,1934.5990811121032,1946.425463676212,4426000
2023-11-16,1978.455322265625,2006.0502159261168,1951.353194563356,1954.8025562709176,8147000
2023-11-17,2033.15234375,2033.15234375,1971.0638330101792,1971.556598968432,7503000
2023-11-20,2030.195556640625,2056.3121499663416,2022.3113020517294,2040.0508748767445,6699000
2023-11-21,2036.1087646484375,2051.8772739583965,2026.7462122456495,2028.2245099934582,4677000
2023-11-22,2028.2244873046875,2055.326612378001,2026.7461895734157,2044.9785282590992,3777000
2023-11-24,2081.93603515625,2083.907098858173,2037.0943359375,2044.9785907451924,7369000
2023-11-27,2086.86376953125,2099.1829181117178,2075.037386894001,2081.9361100990627,6861000
2023-11-28,2065.6748046875,2094.7479949252297,2062.718209070104,2085.8782080730407,4317000
2023-11-29,2067.64599609375,2077.501315426895,2052.370251127376,2059.7617406272343,4395000
2023-11-30,2081.443359375,2091.2986783114347,2069.6169766512785,2074.544636119496,10133000
2023-12-01,2079.47216796875,2085.3853589677133,2066.660254137663,2085.3853589677133,5142000
2023-12-04,2083.906982421875,2087.8491096054586,2063.210814708061,2074.5444303608638,3785000
2023-12-05,2073.55908203125,2086.8637624530284,2071.0952523235133,2076.515677680534,5340000
2023-12-06,2145.5029296875,2158.314844288298,2094.2552712843076,2094.2552712843076,8412000
2023-12-07,2122.3427734375,2141.560643919056,2117.9078802494487,2130.719793903819,5954000
2023-12-08,2125.299560546875,2132.198283905942,2111.0093478745216,2122.3429648215606,7751000
2023-12-11,2140.5751953125,2152.401577607044,2126.7777493021986,2137.1258338099246,4127000
2023-12-12,2192.808349609375,2204.1419657983674,2141.5606937982793,2141.5606937982793,12511000
2023-12-13,2112.487548828125,2156.3437167417483,2072.5735083674117,2094.2552093584163,13725000
2023-12-14,2086.370849609375,2126.2848880643487,2086.370849609375,2104.6031881628815,6301000
2023-12-15,2043.500244140625,2101.153856044279,2034.630457693909,2069.6168375670663,9965000
2023-12-18,2056.312255859375,2059.7616174196473,2026.2535336912892,2048.4280008644673,4509000
2023-12-19,2083.414306640625,2094.7479227836557,2062.2253721123498,2069.616860901283,4498000
2023-12-20,2038.079833984375,2088.8347234670614,2038.079833984375,2074.0517459478324,7602000
2023-12-21,2051.384521484375,2051.384521484375,2018.8619708194774,2028.2245232836146,4316000
2023-12-22,2058.283203125,2067.6457554016038,2025.2678872022384,2027.238950839418,4035000
2023-12-25,2069.616943359375,2078.9794961983816,2061.732688337054,2069.616943359375,2140000
2023-12-26,2074.54443359375,2082.428687973204,2067.1529451130123,2073.5589017963184,3519000
2023-12-27,2096.718994140625,2105.096014798766,2084.3998461139468,2084.3998461139468,4445000
2023-12-28,2097.2119140625,2106.0817012930274,2084.39999917396,2087.3565949174695,2696000
2023-12-29,2096.718994140625,2105.5887807198333,2083.9070801928797,2100.661121509162,3779000
2024-01-04,2113.47314453125,2113.47314453125,2080.9505920623615,2099.182932082799,5351000
2024-01-05,2092.777099609375,2109.5311427896713,2090.3132697299197,2103.1251851030875,4688000
2024-01-09,2080.457763671875,2110.516485506073,2066.1675516523383,2105.096060257283,8754000
2024-01-10,2040.051025390625,2075.530173658288,2013.9344301380397,2075.530173658288,14902000
2024-01-11,2043.9930419921875,2048.920701206248,1985.8466632662767,1990.7743224803369,17762000
2024-01-12,2055.32666015625,2062.2253830625527,2020.340279702859,2060.2543193750375,11109000
2024-01-15,2037.587158203125,2053.8484341936214,2036.6016263249132,2045.9641791679264,1067000
2024-01-16,1999.1513671875,2053.848385121395,1994.7164738415083,2045.9641302840769,8877000
2024-01-17,1917.8450927734375,1983.875730602739,1913.4101991878874,1971.0638158000386,18178000
2024-01-18,1950.3675537109375,1980.4262754836427,1887.2935145813267,1889.264578304127,15141000
2024-01-19,1981.4117431640625,1982.8900409082785,1940.019406326017,1941.4977040702329,10352000
2024-01-22,2020.8331298828125,2024.7752574222084,1963.6722805615723,1966.1361102736948,8217000
2024-01-23,2056.312255859375,2101.6467220800946,2056.312255859375,2070.1097021004634,9794000
2024-01-24,2096.22607421875,2103.12479660687,2054.3409740051643,2055.3265057748954,10504000
2024-01-25,2063.210693359375,2090.805582021454,2050.8915466352328,2088.3417526766257,7401000
2024-01-26,2032.6593017578125,2063.2107870205964,2032.6593017578125,2041.0363219105113,5482000
2024-01-29,2044.4859619140625,2046.94979170668,2022.3114937805042,2035.1234087021157,5142000
2024-01-30,2048.427978515625,2069.1241476514574,2047.4424466520138,2065.674786128819,4872000
2024-01-31,2053.84814453125,2065.1817595322623,2039.5579343125823,2043.5000612694562,7166000
2024-02-01,2077.501220703125,2140.0824956151973,2026.2535625074122,2118.8935600150467,15656000
2024-02-02,2201.67822265625,2210.055243646661,2086.863758493558,2089.3275881966206,14586000
2024-02-05,2312.0576171875,2370.203993749334,2232.229540890745,2232.229540890745,19671000
2024-02-06,2281.50634765625,2314.52166629404,2263.2740075129927,2312.0578365449514,9545000
2024-02-07,2266.23046875,2313.535997125734,2263.2738732265166,2312.0576993639925,6899000
2024-02-08,2264.259521484375,2291.361648509759,2261.3029258088786,2278.549733915941,7435000
2024-02-09,2259.824462890625,2276.5785038278864,2240.113826493847,2247.998081052558,5904000
2024-02-13,2274.11474609375,2294.810914963942,2255.8824068509616,2285.448362379808,7605000
2024-02-14,2243.563232421875,2280.5206763998326,2232.229616268635,2280.5206763998326,6326000
2024-02-15,2273.6220703125,2273.6220703125,2248.983773061606,2265.737815192214,4837000
2024-02-16,2328.811767578125,2347.536872776595,2296.2892164439404,2305.1590031169,11094000
2024-02-19,2311.56494140625,2333.739407908761,2293.825368204241,2331.7683442196494,5398000
2024-02-20,2276.085693359375,2318.9563266830955,2262.7810140520132,2316.985263082005,5473000
2024-02-21,2227.302001953125,2252.433064364543,2215.968385571505,2242.0849798421946,6628000
2024-02-22,2237.650146484375,2250.4620609984895,2215.4756790561,2243.070571855731,6937000
2024-02-26,2256.867919921875,2272.143663484665,2239.1283467521835,2245.0415378087473,6383000
2024-02-27,2289.390625,2289.390625,2251.9404124515713,2266.7233910891086,5642000
2024-02-28,2316.9853515625,2338.174286083382,2278.549609873458,2291.3615237698054,7668000
2024-02-29,2304.666259765625,2308.115621283341,2273.1292401750757,2291.361579625862,8977000
2024-03-01,2334.724853515625,2346.551235213467,2305.1588992710203,2306.144431079174,4619000
2024-03-04,2343.594970703125,2349.5081623869846,2283.4775219172166,2324.8698637042353,7292000
2024-03-05,2417.509765625,2427.8578506388862,2349.5080641051773,2359.3633831660213,8382000
2024-03-06,2422.4375,2429.336223555736,2357.3923921887713,2384.001754475183,8807000
2024-03-07,2447.07568359375,2474.6705765219112,2422.9301522816086,2422.9301522816086,10928000
2024-03-08,2398.78466796875,2436.234880533587,2392.871476511144,2424.408497618375,8390000
2024-03-11,2395.827880859375,2401.2483059291926,2379.0738397344844,2391.885753535871,6360000
2024-03-12,2390.900146484375,2390.900146484375,2318.4635591939373,2370.2039786871073,6815000
2024-03-13,2433.278076171875,2452.9887126738745,2398.291696380825,2401.248291856125,8710000
2024-03-14,2389.422119140625,2432.7855232413417,2360.3489277549174,2422.9302041275423,6819000
2024-03-15,2409.62548828125,2425.8867645825344,2386.4654887006327,2389.422084391775,9524000
2024-03-18,2476.6416015625,2480.5837290620025,2405.1905406340156,2407.6543703212046,8155000
2024-03-19,2497.337890625,2503.7438481187105,2461.8587414290646,2480.5838479491417,7957000
2024-03-21,2532.81689453125,2541.6866813214374,2507.1930660262647,2518.0339165476043,7324000
2024-03-22,2566.3251953125,2570.7600890832014,2530.8460451468895,2533.8026409940235,6964000
2024-03-25,2476.148681640625,2562.382715329602,2473.684852106654,2562.382715329602,7574000
2024-03-26,2436.234619140625,2472.206529981496,2426.3793011020302,2471.7137640795663,7161000
2024-03-27,2442.14794921875,2471.7139050204296,2418.4951845774062,2469.7428413003177,8702000
2024-03-28,2395.08837890625,2480.291109241695,2389.144002371219,2476.8235562629266,6514500
2024-03-29,2469.88818359375,2481.2815707222408,2422.8285411065044,2434.7172928927557,3823100
2024-04-01,2441.1572265625,2476.3281200458478,2355.954498687348,2473.851296561105,9872800
2024-04-02,2452.55078125,2484.2541240090386,2421.8381679521813,2451.06468705817,8619300
2024-04-03,2423.819580078125,2453.5414633408855,2399.0513440258246,2445.1202630831035,7271300
2024-04-04,2401.528076171875,2436.203605324522,2390.6300527239005,2430.7545936005345,6207100
2024-04-05,2362.394287109375,2391.6208048152785,2343.075063541066,2377.750593022646,4417100
2024-04-08,2445.1201171875,2512.985079921432,2441.1571996555917,2479.7956455916988,6267500
2024-04-09,2471.374267578125,2484.2537486278407,2443.6338468556605,2461.9623391187174,3908900
2024-04-10,2444.624755859375,2491.6844016155333,2443.138661782865,2468.897625775709,3121900
2024-04-11,2471.869873046875,2483.2632612392754,2410.444649748716,2416.389026196925,4618200
2024-04-12,2494.1611328125,2553.109529000124,2492.1796741171174,2512.4896257447863,7860600
2024-04-15,2505.059326171875,2517.9388085686455,2467.4116083966996,2477.3189025480615,6190600
2024-04-16,2466.916259765625,2495.647412991811,2457.0089655496986,2480.2911069571255,4721200
2024-04-17,2470.3837890625,2491.684471422574,2449.0831067024264,2471.3745184745967,4545400
2024-04-18,2447.596923828125,2498.1241220127977,2445.615465075785,2471.374428856206,5252800
2024-04-19,2425.305419921875,2469.888240141027,2387.6577050701467,2447.1014653623492,6552600
2024-04-22,2440.661865234375,2474.842029371004,2436.6989476533167,2438.1850417462133,6446700
2024-04-23,2445.1201171875,2458.9903285491796,2406.9770359428812,2448.0923053364313,6367100
2024-04-24,2497.133544921875,2529.3322516110084,2436.699049289963,2438.6805081631405,7234200
2024-04-25,2459.485595703125,2498.619404778764,2448.092208250724,2471.37434782737,6783000
2024-04-26,2403.01416015625,2424.314842260294,2229.1411504232374,2328.214090442048,16098600
2024-04-30,2412.92138671875,2458.4949378536553,2388.153152406301,2449.578373501174,10672900
2024-05-01,2407.472412109375,2409.9492355786233,2346.542554765866,2378.2458951722447,7550700
2024-05-02,2440.16650390625,2456.513538950689,2408.958527912321,2423.3241041634947,5192000
2024-05-07,2432.24072265625,2501.5917819580577,2393.602275330957,2486.730840679099,8078700
2024-05-08,2308.3994140625,2427.7823022146595,2304.931861294595,2420.3518319977197,6201900
2024-05-09,2341.093505859375,2374.282939818871,2327.718659338384,2345.5517880330385,5032900
2024-05-10,2325.241943359375,2399.5466496874337,2316.820743308862,2377.255237789016,4268700
2024-05-13,2335.149169921875,2339.6074521724686,2298.492182528108,2298.492182528108,2787000
2024-05-14,2317.8115234375,2361.4036187703705,2301.9598524073654,2357.9360657325283,4655500
2024-05-15,2308.3994140625,2327.7186366265423,2298.4921204399143,2312.8576961926638,2970600
2024-05-16,2310.876220703125,2327.2232550617964,2284.621892793743,2322.2696082864413,4547600
2024-05-17,2338.61669921875,2343.07498142442,2303.9411709524265,2303.9411709524265,3710900
2024-05-20,2311.8671875,2341.093706476323,2308.8949991295262,2320.7837526114204,3414100
2024-05-21,2312.857666015625,2337.625899748926,2311.3715719916268,2331.6815236529337,2257600
2024-05-22,2299.978271484375,2308.399471272278,2275.2100368140714,2280.6590484415383,3295000
2024-05-23,2331.681640625,2335.644558221133,2293.043194062699,2326.7279936298332,3244700
2024-05-24,2312.3623046875,2329.7000683259025,2283.1357888399075,2295.0245410490975,2553300
2024-05-27,2296.5107421875,2310.876318443634,2281.154436534391,2305.4273067602726,3186500
2024-05-28,2260.34912109375,2294.529285318047,2249.94646241679,2283.631261942184,3411400
2024-05-29,2229.636474609375,2261.835179530417,2227.655015845003,2246.4788741065354,5158400
2024-05-30,2230.627197265625,2233.599385403221,2183.0721870640928,2204.3728687168623,4546700
2024-05-31,2247.469482421875,2264.8072456761765,2236.076095140477,2236.5714598048858,8872000
2024-06-03,2270.25634765625,2286.603382234617,2250.4417602885324,2275.7053591823724,2752500
2024-06-04,2345.5517578125,2378.741191344377,2259.8536682451163,2262.8258563225977,7028400
2024-06-05,2338.61669921875,2367.8432159003655,2326.727946670296,2353.477639904317,3765600
2024-06-06,2362.8896484375,2395.5837190448115,2351.9916249017297,2377.7505896226417,4757300
2024-06-07,2409.453857421875,2409.9492221129567,2340.598165361505,2349.5147298009774,6283600
2024-06-10,2457.504150390625,2489.7028542356948,2431.745187314569,2436.2034693854253,6507400
2024-06-11,2438.18505859375,2489.2076228024366,2426.296305768425,2447.101623212744,4637300
2024-06-12,2391.12548828125,2412.4261711062127,2378.7413703597604,2407.4725239376166,3558900
2024-06-13,2420.351806640625,2456.513427984212,2416.3888892331083,2421.8379006684436,4782900
2024-06-14,2398.060302734375,2426.7914528187775,2386.1715509753117,2402.5185846440236,5607300
2024-06-17,2354.468505859375,2405.98643655775,2341.5890231847816,2402.023518811721,3492000
2024-06-18,2427.286865234375,2434.7173352299906,2392.1159739217956,2399.0510792510363,4421700
2024-06-19,2404.99560546875,2429.2684756372296,2390.6300292465885,2423.3240992694386,2925100
2024-06-20,2375.76904296875,2390.6299836045014,2346.542526385106,2384.685607350201,3016700
2024-06-21,2370.8154296875,2405.49095832898,2351.000841892368,2374.778347246526,13641400
2024-06-24,2414.90283203125,2426.7915844350964,2375.2736573517627,2375.2736573517627,3743200
2024-06-25,2404.0048828125,2430.754576542538,2391.6207653448896,2407.4724357034306,3562000
2024-06-26,2433.231201171875,2440.6616710451603,2405.4907803116093,2423.8192726657135,4903000
2024-06-27,2481.777099609375,2483.263193680997,2426.296254268806,2431.745265864755,4585300
2024-06-28,2493.666015625,2525.8647226205553,2484.749450610846,2507.536227869239,5543100
2024-07-01,2532.799560546875,2532.799560546875,2493.170386902488,2516.4525264185654,4772000
2024-07-02,2565.989013671875,2589.7665180456684,2518.4340049242883,2536.2671332046334,6744600
2024-07-03,2648.71484375,2648.71484375,2572.428685916168,2573.4194152386854,6588700
2024-07-04,2624.9375,2669.5203222306095,2624.9375,2645.742817040951,4058800
2024-07-05,2608.094970703125,2633.3585687099358,2589.2711133647167,2613.5439820379274,2862700
2024-07-08,2603.636962890625,2616.5164455837676,2586.2991977267798,2598.683315700955,3045700
2024-07-09,2622.9560546875,2641.779913059195,2588.775890802054,2613.5441255016526,4016700
2024-07-10,2633.358642578125,2640.7891127885596,2592.7387387610806,2609.581137904733,5397800
2024-07-11,2642.7705078125,2680.4182226379453,2621.965191724754,2655.6499892001525,5393900
2024-07-12,2566.97998046875,2616.0210877760455,2565.9892510281984,2593.2343106433627,4490200
2024-07-16,2633.358642578125,2641.2844774692553,2590.757280038298,2595.7109268452546,3984000
2024-07-17,2625.92822265625,2650.2010924751817,2623.4513992053385,2640.7891633617182,5074200
2024-07-18,2615.525634765625,2639.7985052397757,2601.6554230661104,2606.609070101651,4294500
2024-07-19,2621.469970703125,2647.2289348899285,2595.2156418204218,2602.6461122589226,4700500
2024-07-22,2602.150634765625,2633.358609254533,2577.3824010442695,2625.4327744636994,3006800
2024-07-23,2574.90576171875,2610.076656116986,2571.43820874991,2608.095197277649,3141700
2024-07-24,2528.836669921875,2563.512197227366,2520.9108351091913,2559.0539151452313,5699800
2024-07-25,2412.92138671875,2462.9532200298963,2396.5743520725337,2445.120091324933,6551100
2024-07-26,2674.969482421875,2697.2608947753906,2572.9243503146704,2653.1734347873266,15429200
2024-07-29,2719.55224609375,2743.329752070526,2664.566763522456,2711.626410768158,8294500
2024-07-30,2637.817138671875,2678.932410504695,2625.9283853708184,2674.969492737676,5847600
2024-07-31,2707.168212890625,2708.6543070605558,2619.488656864707,2635.340328010636,6383700
2024-08-01,2578.373291015625,2657.6316438614463,2567.970632204611,2657.6316438614463,6853800
2024-08-02,2378.245849609375,2511.498949702048,2370.320014659625,2496.6380091712663,10941600
2024-08-05,2147.40576171875,2364.375478819745,2116.693153361988,2328.709223953828,9743200
2024-08-06,2424.81005859375,2424.81005859375,2300.9688911476956,2345.551711428275,10819500
2024-08-07,2472.365234375,2562.5216103830644,2346.0472350230416,2359.422082013249,12709300
2024-08-08,2340.102783203125,2431.2498856818243,2331.681583517593,2378.7412288190953,7658100
2024-08-09,2395.583740234375,2465.9255291329027,2350.010186863498,2403.5095756032233,7328800
2024-08-13,2471.374267578125,2473.8510908569165,2407.472226985305,2427.286813215637,6411900
2024-08-14,2461.467041015625,2489.7028271572813,2442.147818918702,2481.7769924508516,4900000
2024-08-15,2430.75439453125,2468.40210881378,2420.351736637393,2438.184864455434,4843900
2024-08-16,2509.022216796875,2520.9109696504042,2462.457934787219,2480.2910640675127,4745600
2024-08-19,2445.615478515625,2495.1519475963546,2428.2777143373696,2466.916160220339,3672700
2024-08-20,2527.84619140625,2541.221038979828,2465.925600787833,2476.8236247366744,3989700
2024-08-21,2513.48046875,2535.276515384805,2503.077810128843,2519.9202098011924,3052300
2024-08-22,2501.591796875,2530.3229501856435,2484.254031946163,2506.050079285272,4008500
2024-08-23,2540.230224609375,2540.230224609375,2464.9347889345263,2483.2632831448514,5187500
2024-08-26,2515.4619140625,2520.910925692017,2479.3002914302506,2494.6565969316166,3360700
2024-08-27,2524.37841796875,2556.081757597871,2491.1889842945143,2501.5916426103195,3391400
2024-08-28,2565.989013671875,2565.989013671875,2489.2074891315006,2518.4340049242883,4021600
2024-08-29,2596.206298828125,2605.6182277878147,2550.1373833938537,2565.9890532207,5068600
2024-08-30,2652.677978515625,2668.5296489754755,2612.058072962258,2640.2938609688667,15241100
2024-09-02,2728.964111328125,2730.9455701128977,2672.987900658298,2681.904465189775,4653900
2024-09-03,2820.6064453125,2844.383949593322,2721.5335108090753,2724.505698844178,8120100
2024-09-04,2743.8251953125,2762.153690027532,2714.1033119908266,2736.3947244820815,8313500
2024-09-05,2791.875244140625,2815.6527479942,2719.552003252667,2733.422213833919,7362600
2024-09-06,2761.162841796875,2871.1338053560617,2750.7601830818166,2800.7920178542395,7259000
2024-09-09,2789.893798828125,2789.893798828125,2679.427478313446,2701.718888282776,5311900
2024-09-10,2762.153564453125,2800.7920110147006,2739.862152975293,2774.042317241302,5840200
2024-09-11,2776.023681640625,2891.939017383649,2760.6673764780876,2853.3005721359746,9840600
2024-09-12,2898.37890625,2910.7630239488976,2852.3099884101007,2873.1153061442487,7585700
2024-09-13,2836.95361328125,2881.5364359100804,2827.046319363732,2878.564247734825,5923800
2024-09-17,2904.3232421875,2912.249077404113,2821.1019724130674,2848.8423956712118,9297700
2024-09-18,2859.244873046875,2941.970772873422,2821.597158155752,2922.1561860886204,7461100
2024-09-19,2895.406494140625,2938.5032204007166,2885.0038360778444,2901.3508701765,5089800
2024-09-20,2875.592041015625,2930.577521903262,2875.0966763229435,2911.258298888687,7667800
2024-09-24,2909.772216796875,2960.2994156585164,2865.1893942718975,2883.0225232818884,4700800
2024-09-25,2824.073974609375,2906.799874233961,2822.587880604143,2878.068723466141,4453000
2024-09-26,2902.341796875,2920.174926195277,2852.3099618375577,2859.245067684332,6273700
2024-09-27,3010.35205078125,3010.35205078125,2937.1837717692056,2952.1160736083984,7852300
2024-09-30,2922.25146484375,2946.143147744874,2891.8891178235713,2900.8484989114927,6963500
2024-10-01,3028.270751953125,3045.194027029786,2925.735614723943,2941.6634030313885,6367300
2024-10-02,2955.600341796875,3040.2167207300963,2950.6229077419794,2958.5868022298123,8221800
2024-10-03,2994.42431640625,3040.2167095427817,2965.5551989940886,3036.234762313518,4912600
2024-10-04,2985.46484375,3026.2798016005336,2976.007719369998,2979.4919230889464,4804400
2024-10-07,3011.34765625,3060.1265108471075,2989.4469460227274,3035.2393401342974,6932100
2024-10-08,3068.09033203125,3122.8421062887837,3014.334044578399,3015.3295313830813,7953700
2024-10-09,3137.7744140625,3158.67963699883,3100.9414022222995,3115.873704319678,6021200
2024-10-10,3141.75634765625,3174.6074121279407,3128.815019228008,3166.6435177105614,5439700
2024-10-11,3111.891845703125,3146.7338849224498,3089.9911353366924,3107.9098983637737,5351900
2024-10-15,3119.855712890625,3145.738370368339,3091.982081760779,3136.7789889337455,6906400
2024-10-16,3086.009033203125,3119.855583889869,3073.06770499937,3086.009033203125,4841000
2024-10-17,3056.14453125,3086.0091357899023,3028.2709003460914,3070.0813467019543,3761900
2024-10-18,3078.045166015625,3095.963928301615,3068.0902980789638,3079.0406528092913,3221900
2024-10-21,3045.194091796875,3094.9684313162747,3031.257276731443,3093.9729445258868,4005700
2024-10-22,3010.35205078125,3059.130903455946,2995.419748942057,3056.1444430881074,4179100
2024-10-23,2976.0078125,3020.306975455762,2976.0078125,3003.3836997198528,2725800
2024-10-24,2983.9716796875,3006.3701326626356,2948.1341549272834,2956.5957927178897,3484500
2024-10-25,2964.5595703125,2986.4602790253525,2942.16111821981,2976.007668048764,3065800
2024-10-28,2957.59130859375,2999.4017545583874,2941.6635196548405,2964.061972850182,5655900
2024-10-29,2961.075439453125,2974.514511039145,2910.305613461493,2949.627341435404,5529500
2024-10-30,2966.550537109375,2989.446732530018,2951.618235748086,2957.0934129138923,10784200
2024-10-31,2949.62744140625,2967.0484607193143,2903.3373043743936,2932.7041655021303,6797400
2024-11-01,2682.8369140625,2751.5255029568643,2657.4520007754522,2698.7647027916278,13335800
2024-11-05,2664.918212890625,2703.7421988087176,2660.9362656169747,2697.2715344890357,6060800
2024-11-06,2788.856201171875,2797.3178387624375,2677.3616823315215,2687.814293472805,7163100
2024-11-07,2774.91943359375,2848.087712829316,2774.91943359375,2788.856248686239,6719300
2024-11-08,2834.15087890625,2909.3101312270865,2806.2772489064696,2824.6937544420384,4976000
2024-11-11,2833.653076171875,2844.105687202897,2820.214004846275,2842.114713673179,4009800
2024-11-12,2773.42626953125,2847.092293919374,2764.4668881867487,2837.1374257588163,4602400
2024-11-13,2730.620361328125,2762.4759397322446,2699.7602697491343,2754.5120451312146,5220200
2024-11-14,2840.62158203125,2862.522291617613,2742.5661322923056,2745.552592690446,4616200
2024-11-15,2811.254638671875,2879.943225806563,2811.254638671875,2874.4680485711892,4632000
2024-11-18,2773.42626953125,2808.2683080932006,2761.4804277385815,2786.3675981399747,3145900
2024-11-19,2766.457763671875,2790.3494464095957,2747.0457714474774,2773.4261711370436,3332900
2024-11-20,2780.39453125,2803.2907268170425,2759.4893092105262,2759.4893092105262,3807700
2024-11-21,2728.62939453125,2796.8202422238405,2725.642934048363,2783.8789134646627,4116600
2024-11-22,2744.55712890625,2770.9375293110434,2714.1947812705444,2730.6203135980572,4148500
2024-11-25,2781.39013671875,2781.39013671875,2747.0458419024303,2750.032302321241,11031100
2024-11-26,2732.113525390625,2750.0322878089273,2684.8279023423265,2738.584189597234,5608800
2024-11-27,2805.779541015625,2820.7118429901625,2751.027767108987,2756.5029444996508,4111000
2024-11-28,2818.720947265625,2820.214177504332,2784.87439518827,2797.317980510827,3489000
2024-11-29,2853.065185546875,2861.0290799936215,2794.331464002121,2808.7660226868484,3913300
2024-12-02,2850.07861328125,2870.4860920001693,2820.2140102779535,2867.001888316451,4894800
2024-12-03,2847.09228515625,2884.4230406434385,2838.6306472458205,2876.956889546001,4401500
2024-12-04,2794.33154296875,2856.0517266752204,2794.33154296875,2840.1239373316153,5084800
2024-12-05,2797.31787109375,2821.7072973719696,2763.4713203403026,2816.232120044206,6161700
2024-12-06,2766.457763671875,2818.7208196606384,2764.4667901103985,2810.7569254147315,6217400
2024-12-09,2782.385498046875,2790.349392137886,2730.6201864553054,2787.362931853757,7918500
2024-12-10,2787.363037109375,2852.069679042271,2758.9916633387975,2824.6937920706614,5153200
2024-12-11,2794.33154296875,2805.779641559466,2767.9511418684037,2790.8473390498366,4861400
2024-12-12,2852.5673828125,2876.4590656558084,2835.146364072588,2844.1057451388283,4162400
2024-12-13,2830.1689453125,2830.6666887077363,2787.363013322195,2802.7930585745144,4242600
2024-12-16,2789.851806640625,2833.1554832111397,2783.3811423254906,2829.173535940288,3285800
2024-12-17,2758.493896484375,2837.6350963293794,2758.493896484375,2796.820137918748,5177300
2024-12-18,2750.530029296875,2771.4352521036917,2736.5932140923305,2765.9600747019063,3955500
2024-12-19,2767.453369140625,2780.394697845239,2701.7512387941206,2701.7512387941206,3396000
2024-12-20,2796.820068359375,2816.7298036742663,2773.92387274725,2784.376483787568,13858400
2024-12-23,2796.322509765625,2817.227733227739,2791.3450756079787,2816.729989811974,2619900
2024-12-24,2726.638427734375,2790.8473282779555,2719.6700199234438,2787.36312437249,2101800
2024-12-25,2695.7783203125,2725.6429250426977,2651.9769000415436,2707.724162204579,3658900
2024-12-26,2735.59765625,2737.0908864117087,2698.7646455945232,2707.7240265647747,2987800
2024-12-27,2802.29541015625,2814.2412520467915,2753.018812357765,2763.4714240119893,3758600
2024-12-30,2786.865234375,2823.200501763708,2759.4893479862476,2822.205014985935,3178000
2025-01-06,2768.946533203125,2842.114812976783,2748.0413104106515,2832.159944980367,5201700
2025-01-07,2875.96142578125,2884.423063759492,2834.1509793005257,2845.1013343311915,5765900
2025-01-08,2847.09228515625,2863.5178175706133,2820.2141412054743,2852.0697192212087,4912900
2025-01-09,2830.1689453125,2857.04708865525,2806.277262341167,2847.0922207505278,4798700
2025-01-10,2792.838134765625,2836.6395526696306,2778.901319977987,2822.7027378819926,4350900
2025-01-14,2652.972412109375,2792.3405688430757,2652.972412109375,2788.358621507827,7946900
2025-01-15,2677.36181640625,2734.6023088559095,2669.3979218045583,2702.7467304491424,4572400
2025-01-16,2657.451904296875,2693.7871710160493,2648.49252346201,2673.379692447746,4988300
2025-01-17,2663.922607421875,2674.3752185496514,2597.722736945958,2619.1257025885475,4714600
2025-01-20,2710.71044921875,2728.1314675299245,2675.868412596401,2683.33456330119,2750100
2025-01-21,2725.14501953125,2734.10440041738,2698.7646202554224,2721.163072470748,2771700
2025-01-22,2749.036865234375,2788.358594793223,2738.0865101673544,2773.4262924291033,5571400
2025-01-23,2729.126953125,2802.7929733807905,2718.674342142759,2752.5208919900147,4502400
2025-01-24,2766.457763671875,2793.83365014218,2738.0863904208322,2739.5796205919396,4391100
2025-01-27,2792.838134765625,2815.7343304881733,2778.403576592714,2802.295259085808,4230500
2025-01-28,2800.304443359375,2821.707410132296,2743.0639508271447,2760.982713706799,4848900
2025-01-29,2891.391357421875,2898.857508284558,2806.2772375872837,2835.6440976471717,6283600
2025-01-30,2904.332763671875,2930.2154206917444,2871.9794423970384,2883.9252840985164,5769200
2025-01-31,3004.379150390625,3021.302425922978,2912.2966217587054,2918.26954253483,10816100
2025-02-03,3036.234619140625,3120.850993772413,2988.451254642674,3120.850993772413,15588200
2025-02-04,3036.234619140625,3092.9773644819415,3003.383556048284,3036.234619140625,9536600
2025-02-05,3032.252685546875,3095.9638384933623,3002.388082603209,3078.0450767271627,5886800
2025-02-06,3035.2392578125,3080.0361638805757,3020.3069557898084,3032.2527974079617,5647100
2025-02-07,2977.5009765625,3021.3023951411524,2971.0303124542897,3000.397172637705,4896700
2025-02-10,2947.636474609375,2974.0168753446496,2942.65904050838,2957.5913428113654,3309800
2025-02-12,3008.361083984375,3043.2031216877017,2984.96714438357,3019.3114386911348,6587200
2025-02-13,3094.968505859375,3100.9414267455622,3033.248323368773,3056.1445200991575,4708100
2025-02-14,3065.103759765625,3099.9457966580567,3060.126325923849,3067.0947333023355,3101900
2025-02-17,3088.0,3111.8916827852995,3069.0857511283043,3075.058671824629,3428600
2025-02-18,3091.98193359375,3115.873616274449,3073.067684804864,3088.995473258663,3376000
2025-02-19,3053.157958984375,3079.040615304425,3017.3204348489207,3067.0947739259404,3952900
2025-02-20,2961.5732421875,3019.3114768251053,2958.089038373162,3013.3385560005254,5726700
2025-02-21,2946.14306640625,2977.5008993482325,2934.694968665526,2936.685942185652,3834800
2025-02-25,2928.72216796875,2948.1341605844505,2882.4320317313104,2906.8214583510367,3743300
2025-02-26,2906.821533203125,2935.1929077566483,2890.396000566874,2928.7222433847924,5468500
2025-02-27,2928.224365234375,2939.174719821347,2882.9297167155364,2909.807859792649,5474400
2025-02-28,2866.006591796875,2903.835091445462,2842.114907808294,2884.4230982047397,17095000
2025-03-03,2984.967041015625,2985.4647843941502,2900.8484100448663,2965.5550492531424,6148800
2025-03-04,2992.433349609375,3022.297953896894,2964.559718941024,2986.4604287518714,9564400
2025-03-05,3111.891845703125,3130.8060955650444,3007.3657280451507,3015.3296227238534,7994500
2025-03-06,3212.435791015625,3245.2868542643128,3103.927733618444,3123.837468920679,8430600
2025-03-07,3097.954833984375,3161.665987382511,3097.954833984375,3125.8284635960595,8011800
2025-03-10,3018.31591796875,3108.905214979026,3015.329457627752,3101.936807516697,5701000
2025-03-11,2867.99755859375,2948.1342484468555,2815.7344999938987,2937.6816367268852,8334000
2025-03-12,2955.1025390625,2985.464886187784,2901.8439957443784,2906.3236863038464,6002700
2025-03-13,2977.003173828125,3047.184990833603,2963.5641024866504,3046.189504067568,6994400
2025-03-14,2959.582275390625,2980.9852417279603,2912.296652087209,2927.2289541830246,5452200
2025-03-17,3015.32958984375,3066.09941786687,2989.4469324201987,3026.2799449075605,5324100
2025-03-18,3075.05859375,3079.040540779783,3029.266202907494,3064.108239418096,4106500
2025-03-19,3067.0947265625,3108.905170741541,3051.166938303818,3057.1398589008236,3738500
2025-03-21,3014.333984375,3043.2031011342056,2986.4603544005945,3016.3249579446006,7018100
2025-03-24,3045.194091796875,3078.045155879679,3030.261789941055,3036.234710683383,3296300
2025-03-25,2977.003173828125,3085.013487942939,2971.5279966149315,3076.0541070486224,4246500
2025-03-26,2977.003173828125,3028.2707422789354,2972.025739997949,3023.2933084487595,4588900
2025-03-27,3088.0,3088.0,2994.4242424242425,3020.306898774984,7901700
2025-03-28,3123.0,3135.0,3077.0,3113.0,7165900
2025-03-31,2951.0,3029.0,2939.5,2994.0,7650300
2025-04-01,2966.0,3004.0,2950.0,2992.5,3729100
2025-04-02,2956.5,2984.0,2910.0,2978.0,4224000
2025-04-03,2869.0,2872.5,2802.5,2815.0,5404100
2025-04-04,2809.5,2831.0,2751.5,2784.5,5149400
2025-04-07,2625.5,2743.5,2514.5,2571.5,7919300
2025-04-08,2659.5,2762.0,2616.0,2675.5,5603200
2025-04-09,2611.5,2665.5,2579.5,2614.5,5775000
2025-04-10,2861.5,2934.5,2815.5,2911.5,5386900
2025-04-11,2770.0,2785.5,2665.0,2687.5,6106500
2025-04-14,2790.5,2837.5,2785.0,2799.5,3189500
2025-04-15,2856.5,2879.5,2828.5,2835.5,4129900
2025-04-16,2868.5,2872.0,2827.0,2854.0,3429200
2025-04-17,2868.5,2884.5,2842.0,2851.5,3102800
2025-04-18,2924.5,2924.5,2851.0,2885.0,2710100
2025-04-21,2920.0,2939.0,2872.5,2900.0,3108400
2025-04-22,2879.5,2932.5,2875.5,2920.5,3010100
2025-04-23,2941.0,2966.0,2915.0,2957.0,4264300
2025-04-24,2939.0,3027.0,2929.0,3002.0,5074400
2025-04-25,3080.0,3155.0,3046.0,3100.0,10702000
2025-04-28,3145.0,3154.0,3069.0,3096.0,5515500
2025-04-30,3151.0,3151.0,3079.0,3138.0,7526400
2025-05-01,3190.0,3199.0,3147.0,3165.0,4141500
2025-05-02,3154.0,3229.0,3130.0,3210.0,4350500
2025-05-07,3215.0,3215.0,3164.0,3191.0,6818700
2025-05-08,3266.0,3275.0,3213.0,3244.0,3865200
2025-05-09,3358.0,3365.0,3253.0,3300.0,5749900
2025-05-12,3329.0,3355.0,3285.0,3348.0,4687700
2025-05-13,3288.0,3370.0,3257.0,3365.0,5059900
2025-05-14,3261.0,3270.0,3220.0,3250.0,3887800
2025-05-15,3308.0,3323.0,3248.0,3267.0,4168500
2025-05-16,3315.0,3340.0,3295.0,3332.0,2805100
2025-05-19,3325.0,3370.0,3259.0,3317.0,4345000
2025-05-20,3242.0,3300.0,3218.0,3300.0,4968400
2025-05-21,3199.0,3263.0,3188.0,3244.0,4438500
2025-05-22,3197.0,3237.0,3187.0,3209.0,3430900
2025-05-23,3320.0,3345.0,3292.0,3292.0,4802100
2025-05-26,3336.0,3361.0,3318.0,3320.0,2806100
2025-05-27,3349.0,3364.0,3282.0,3301.0,3124500
2025-05-28,3317.0,3358.0,3317.0,3349.0,3465600
2025-05-29,3340.0,3348.0,3300.0,3335.0,3999500
2025-05-30,3318.0,3340.0,3270.0,3271.0,9623300
2025-06-02,3461.0,3469.0,3355.0,3374.0,10069500
2025-06-03,3407.0,3535.0,3393.0,3531.0,7965100
2025-06-04,3356.0,3406.0,3353.0,3406.0,5177200
2025-06-05,3353.0,3383.0,3324.0,3333.0,4736200
2025-06-06,3377.0,3405.0,3353.0,3372.0,4639200
2025-06-09,3472.0,3485.0,3401.0,3412.0,5426100
2025-06-10,3474.0,3531.0,3460.0,3487.0,5162100
2025-06-11,3479.0,3503.0,3448.0,3490.0,4781300
2025-06-12,3455.0,3479.0,3437.0,3479.0,4837900
2025-06-13,3468.0,3478.0,3390.0,3455.0,6729400
2025-06-16,3464.0,3471.0,3431.0,3455.0,4684700
2025-06-17,3507.0,3513.0,3466.0,3470.0,4143300
2025-06-18,3494.0,3519.0,3434.0,3460.0,4584500
2025-06-19,3482.0,3540.0,3466.0,3520.0,3433300
2025-06-20,3410.0,3471.0,3410.0,3454.0,7196800
2025-06-23,3341.0,3393.0,3341.0,3372.0,3177800
2025-06-24,3372.0,3387.0,3336.0,3368.0,3211900
2025-06-25,3368.0,3398.0,3339.0,3392.0,3509500
2025-06-26,3380.0,3389.0,3361.0,3380.0,5057600
2025-06-27,3462.0,3468.0,3397.0,3428.0,6380700
2025-06-30,3515.0,3570.0,3504.0,3510.0,6940200
2025-07-01,3484.0,3515.0,3456.0,3514.0,4782000
2025-07-02,3397.0,3446.0,3397.0,3426.0,4976300
2025-07-03,3369.0,3407.0,3341.0,3393.0,4459100
2025-07-04,3455.0,3481.0,3375.0,3388.0,4949500
2025-07-07,3453.0,3476.0,3438.0,3445.0,2923900
2025-07-08,3399.0,3420.0,3358.0,3418.0,6949200
2025-07-09,3287.0,3354.0,3255.0,3329.0,8094900
2025-07-10,3258.0,3291.0,3237.0,3285.0,5656400
2025-07-11,3187.0,3260.0,3175.0,3244.0,6125800
2025-07-14,3207.0,3221.0,3182.0,3200.0,2977000
2025-07-15,3193.0,3246.0,3172.0,3244.0,2949100
2025-07-16,3205.0,3214.0,3163.0,3190.0,2962100
2025-07-17,3263.0,3293.0,3226.0,3237.0,3947300
2025-07-18,3234.0,3285.0,3226.0,3278.0,3015600
2025-07-22,3173.0,3244.0,3148.0,3202.0,4551700
2025-07-23,3177.0,3210.0,3163.0,3175.0,6164500
2025-07-24,3250.0,3259.0,3204.0,3240.0,5960100
2025-07-25,3290.0,3302.0,3225.0,3233.0,4443700
2025-07-28,3215.0,3262.0,3210.0,3250.0,4083000
2025-07-29,3220.0,3225.0,3172.0,3181.0,4030100
2025-07-30,3330.0,3333.0,3248.0,3256.0,8835000
2025-07-31,3305.0,3369.0,3187.0,3190.0,13691600
2025-08-01,3416.0,3430.0,3281.0,3313.0,7866400
2025-08-04,3421.0,3430.0,3316.0,3323.0,5285900
2025-08-05,3504.0,3509.0,3397.0,3450.0,5995200
2025-08-06,3531.0,3553.0,3472.0,3480.0,5369700
2025-08-07,3526.0,3561.0,3510.0,3531.0,4500800
2025-08-08,3504.0,3554.0,3487.0,3528.0,7593100
2025-08-12,3586.0,3612.0,3508.0,3530.0,8651700
2025-08-13,3532.0,3570.0,3512.0,3550.0,7338300
2025-08-14,3487.0,3512.0,3467.0,3509.0,4234100
2025-08-15,3500.0,3560.0,3474.0,3532.0,3842700
2025-08-18,3565.0,3575.0,3493.0,3500.0,3164300
2025-08-19,3585.0,3604.0,3554.0,3598.0,3271600
2025-08-20,3569.0,3593.0,3499.0,3565.0,4187700
2025-08-21,3555.0,3597.0,3514.0,3576.0,3176200
2025-08-22,3593.0,3663.0,3543.0,3578.0,5161000
2025-08-25,3571.0,3598.0,3556.0,3595.0,2463000
2025-08-26,3567.0,3592.0,3533.0,3577.0,5180900
2025-08-27,3592.0,3663.0,3551.0,3660.0,6465300
2025-08-28,3490.0,3531.0,3479.0,3493.0,5444800
2025-08-29,3576.0,3600.0,3522.0,3541.0,6317900
2025-09-01,3522.0,3585.0,3507.0,3554.0,2880100
2025-09-02,3552.0,3557.0,3493.0,3510.0,3089700
2025-09-03,3475.0,3553.0,3469.0,3550.0,4233000
2025-09-04,3539.0,3540.0,3475.0,3479.0,3321900
2025-09-05,3523.0,3545.0,3497.0,3538.0,4037900
